photo_identity,photo_deletion,pub_identity
55930a30-3a3c-4fc6-90bc-0a42f138f169,false,6d9c8d4e-fa1d-433d-aea4-ff3f5c36cb64
8ddf4ae7-402c-4ac6-90b1-411e9cc8ac1e,false,fd1f6053-8868-419a-a445-fd24a21e8b99
cc0ef6b2-f4da-4658-869a-4ae503e096ef,false,a8467bfa-1f5e-482c-96d3-0e2206aa81c2
94f5f5bf-bd29-41f3-9d2b-1d6b45617f68,false,ae591583-747e-46be-8bbe-986fb220f09b
b34745ae-74b3-4e8a-bd3d-d6a4c1ec6ce7,false,b0ac9207-6c45-4be0-920d-67d6e74facc4
08c02d06-c53c-4255-92a2-b20c9d07936a,false,ecefbb5e-f81c-4380-9c13-97f27c06954e
77b643b6-816f-4452-980e-63741c7ef2b6,false,e5a2d84a-ce35-4087-9faa-ab8ebf3549f0
c6550e01-b4f9-4791-8048-fdccbc22d3fc,false,139bde09-27ac-4b94-a94e-9a030fffa1a8
f44bb11e-2218-4b13-8a58-ff09d381b3bf,false,ff07c9fe-4a19-4305-beb1-c98347370fbc
24de24f1-ccf3-47bb-b723-2a012776d65f,false,3058f233-ea9e-4eb7-98cb-68dda69d344d
d2ffb644-7597-40aa-a3aa-40eb22025759,false,528783f6-5ba8-4207-9de5-ba7bcfa50cae
a5f09abd-230d-46e6-9b84-91e682275d04,false,4f51a17b-f76c-4097-82ac-80c762ab9be2
e5845932-39a4-42bb-9297-c55c46b3bb3f,false,0a8a43f0-000e-4a88-9874-d13926e71eed
04f0e553-a0bd-440c-8d30-3189cffb8c97,false,d324bef0-4d75-438b-8a2a-9be977c67942
d9a5cdc3-4239-43ec-8128-97214043510d,false,b2d52630-79bf-457d-98f8-e7bf1de62b39
1fc45b9f-288e-4872-a4c4-c5ddc591d743,false,5f2a04c4-4825-44b1-a0f6-fdd99fed8df2
d5ad6af3-b7e7-4e92-ae9f-21d0486d787a,false,bfe9cb5f-28a3-45b0-94dd-9e0a55860a1e
3af27d13-244d-4ee7-b0e0-9158a9c556c8,false,2ac6a589-4e47-48bf-93fc-574d35bc0b61
e7174888-10bd-4c01-b5af-f2d11ddfdf5f,false,5ecb233a-4a34-4013-ba6b-be9131cf4587
a6ec52ac-9f9e-4230-93f8-0f8ac8457dd4,false,e1c63b30-18e8-4ce7-a7d9-5dae00d9e3eb
a6a89874-7876-440a-b193-e70860693e52,false,75deb80d-2bcd-4d38-8bb3-860d8577290a
11cf8032-b501-443c-b8e3-a0109f274341,false,b7f16ea4-7f50-4d2c-bc48-46cddf0984c0
