pub_identity,monday,tuesday,wednesday,thursday,friday,saturday,sunday
d0cb2007-97dd-4d04-9090-b736188a704d,3dff771d-2d85-4a1f-a0dd-2201369ff577,f9d03cea-f2b4-4d63-a940-e3d617805893,0,0,0,0,0ef1ea1c-2a52-425f-be85-792290dada1a
fd1f6053-8868-419a-a445-fd24a21e8b99,0,0,0,0,0,0,0
efcf3870-da4d-4a44-9c1b-3d5be38edeaa,0,0,0,0,0,0,0
eabe0a83-2841-4c72-b86a-4fb5504e2161,0,0,0,0,0,0,0
75d7f798-4740-483c-9140-88318b66078e,0,0,0,0,0,0,0
e8cbe945-648f-4a82-8e4b-8a6eb043af7f,21e5ece8-0652-4159-9468-90fcbd7c46ac,0,0,0,0,0,0
5c5aa314-0ef0-4a92-9aa2-45e89bcd7f0c,0,0,0,0,0,0,0
0ca14449-0d5b-4e03-9247-99fed9cebbc3,0,0,0,0,0,0,0
6bb18e6f-42e5-4f54-b98a-75302168364c,0,0,0,0,0,0,0
49bf46f8-088d-44aa-afee-c96875a311a7,0,0,0,0,0,0,0
9b7c0aba-1eb5-4006-887b-d7903b0a566d,0,0,0,0,0,0,0
9f2df78c-a1c4-4070-88da-8ba2d8bbe87d,0,0,0,0,0,0,0
8905f38f-5abe-4ff7-9b22-72ab50645c21,0,0,0,0,0,0,0
85734c01-6261-4784-b024-637b12b8d4f4,,,,,,dbf815d0-23df-46cd-baca-a155c4383575,f3677861-59a3-4dc3-938a-13bc4977a682
168c5191-a91d-4774-af72-c0b60222cd5c,0,0,0,0,0,0,0
94d24fde-0b24-4bec-a05d-3c8ca530db55,0,a51628ab-06b4-4f19-9500-a6d00c398314,0,d152d9da-6443-4cb2-ab0c-d07b57dc1558,0,0,0
3e38be80-48d3-4177-a80d-7b670494e234,0,0,0,0,0,0,0
0027d4bf-8c57-473e-aa7e-33a3b1b1d95b,0,0,0,334b7c33-21e0-4e72-9bff-4963f076e3a3,0,0,0
5e7a2cf0-e9bc-4fc8-818b-763244375ebf,0,0,0,0,0,0,0
52c555f4-007f-4dd1-9d75-a0dfc38425ad,0,0,0,0,0,0,0
dc3dc762-de64-421e-bc0b-e861e3766ae2,0,0,0,0,0,0,0
c7223326-661e-49ed-a0b2-da5bd4758508,0,0,0,0,0,0,0
610d6a7a-b922-4a4a-9302-6cdd869ce4f5,0,0,0,0,0,0,0
d5cd1760-b22e-49e8-832e-6eb5cab180f3,0,0,0,0,0,0,0
ad2bbf86-9982-4180-a815-6e0b075eba1c,0,0,0,0,0,0,0
e7e819fb-a913-467e-94d3-1ca2f6473a6e,0,0,0,0,0,0,0
32a17618-9e23-450c-b921-a6bab0dfdd6f,0,0,0,0,0,0,0
0c00dbd3-a6fd-4c6b-8006-2d98c0d8b175,0,0,0,0,0,0,0
3c0e13d2-57f5-4e20-85da-8c49873b9224,0,6d4bb268-cced-4771-b10f-761102c8d6cc,0,0,71d5a4fb-8483-4928-930e-d7fe81487cf2,0,d214146c-0b25-43ee-8377-8bafd0e1f222
54ed8eb6-770a-4ed4-b269-a7c770447aed,0,0,0,0,0,0,0
0ff37efc-ce5a-40c6-8564-87a81a5a1d18,0,0,0,0,0,0,0
07e36512-d3ca-4e13-a882-c5a679f44e26,0,0,0,0,0,0,0
866ef4d9-669f-4bab-ade2-1af9da1a0065,0,0,0,0,0,0,0
cf5c45aa-aaf6-4ac0-ba85-8cdb27e4d276,0,0,0,0,0,0,0
1b258b22-a853-4d64-947e-5ef4ade978be,0,0,0,0,0,0,0
5cf4aec7-51e4-4bc0-acc2-b8042ab0363e,0,0,0,0,0,0,0
02d0238e-4c9e-4b8b-a3d7-75932572cd2b,e247c269-0d2f-470a-a1d1-faeed0d647e2,0,0,0,e5613101-b7de-4dc9-8f22-9f3b782be278,624fbc15-38a4-40f2-a2f9-04637912572d,0
540826ee-31c9-4644-bbbd-b3ef0d47b08b,0,3a7eebe5-2c3c-46fa-8941-a2ad2f327f7f,0,0,0,0,0
4b35c570-5afd-4f2d-a3f4-5d994a7e76e4,0,0,0,0,0,0,0
f39db520-b94f-49a5-8c56-e1afad69483d,0,0,0,0,0,0,0
350d77be-b4c5-4984-ab2f-6d2de41415e0,996cb447-da83-492c-885f-51d32238406a,0,0,0,0,0,0
3c88a054-9473-4368-b392-af38c73e9797,0,0,0,0,0,0,0
55f393ed-9aa5-4bb1-96b1-1b940022e694,0,0,493ed58f-37ce-4b75-b792-76e730858d33,0,e7cd045e-33ec-4d3d-ad58-4860d76cde7d,0025b63a-0bf1-40a1-ac9d-cfa120d62caf,e94ce090-032c-4313-8a26-cfbbeb9905e4
4b0f5199-a980-4d1b-b0df-15fd21df824c,0,0,0,0,0,0,0
cb8b3078-6cff-48dc-a629-5b562730874c,0,0,0,0,0,0,0
0d0566ca-beb3-41be-8a22-5415fcf79d43,0,b839c4aa-63e4-4d76-8e1d-9fd0d4f259f8,0,0,0,e025841a-c7c9-402b-809b-6992a019efaa,797a3efd-0fad-4f28-84cb-8cee84058d38
3caa5c02-ee38-4a1d-9c2b-39bfcae80981,0,0,0,0,0,0,0
d8b030ff-fb74-4f72-9cf4-8a3ec8434007,0,0,0,0,0,0,0
2dc38644-2fce-446f-a813-a2ba3e18eedf,0,0,0,0,0,0,0
2dbf12b8-120a-46fd-ab1a-d1bb0a6ea778,0,0,0,0,0,0,b605b096-38d0-43f4-b19f-fdb8b949a389
528783f6-5ba8-4207-9de5-ba7bcfa50cae,0,0,0,0,0,0,0
86de190a-4e39-4e2c-add6-2ffa05d0f991,397348d4-d506-4dc7-a887-e661111b20ed,0,0,0,0,0,0
46179aca-6f27-4242-9f71-f1c2b420f94c,0,0,0,0,0,0,0
57fbcd08-b7c0-4279-b268-7600aa09cc98,0,0,0,0,0,0,0
9430e071-be89-43fc-8198-1078c99be6a0,0,0,0,0,0,0,0
96ffc2fb-55cd-4c1b-a52c-707767216645,991e8735-6124-41fd-a833-352534fb42f8,dc09b346-8c82-4480-a15f-97c7cf2ccc90,0,0,0,0f18330e-6de3-42f6-b7d8-10119420d7c8,c62aaf66-70f2-45bc-8540-c4d5e8dbb941
16f76f29-ae95-49a7-8591-27ab87dd1bf4,0,0,0,0,0,0,0
859eb4d9-ba6e-43d6-b14b-275cf2a0b5ad,fd25f32d-9729-49cb-91ff-27c4a4ecf395,0,0,0,0,0,0
955ae281-5169-495d-ac79-8900c326b1a0,,,,,,,
21ba3669-2407-4fa3-928f-3ab6943c4917,0,0,0,0,0,0,0
3fae6292-bea4-4022-95ae-3dd2b2554e23,0,0,0,0,0,0,0
662486bd-2954-486f-8cb3-d23dce0357ab,0,0,0,0,0,0,0
06f154c0-d04f-45a7-9c9b-2832b779a411,0,0,0,0,0,0,0
6b75d781-b8c3-490d-b586-116dd69cad7c,18375aba-2024-4d17-b953-13b697504fcd,0,3f05d822-16c1-4d5e-ad9e-e11ab12a89a5,25c74236-b7d0-4c37-9d5e-d584c9e8f64a,3eeefaa6-d1cb-4eda-bdb6-f043a79c62b2,7f03c8c2-af8c-488b-8898-72ff352e0d7b,0
ed530a98-058f-4b2d-afb1-2adc4916e305,6959ff7b-c82e-4f5a-89db-ada8fbca3017,0,0,0,0,0,0
80aeb850-5686-44ac-8e1b-424ef9cea747,0,0,0,0,0,0,0
a81d00e5-7e30-4a8d-a012-acadc43c01b0,0,0,0,0,01bd787e-8b8f-4b4a-a1c9-f680fb452d58,ff70056c-518d-44c9-b471-293d1255369c,82de3975-b1db-4dd1-bad1-49e2aab305dd
b38678b1-85a6-418e-8741-4957ee3f7f5c,c6b92649-375a-41fc-a873-62ca39d166d9,b3f75416-6a7c-4cdc-8e9a-919529652385,0,0,0,0,0
45852adf-75c3-4eb0-b99e-e9df1e047206,0,0,0,0,0,0,0
3ce5eac8-17c9-4a33-aba1-c10f695660ef,83e320d1-7626-4dc8-82b1-f8c3586a262f,86ede56b-08ae-45f8-bdf3-c0e731625d47,b57ad63c-9901-4ce8-8d43-82a050ff726d,0,0,0,0
62d2a587-2e8c-41e0-8e7d-90737363d45e,b4254b63-9ba9-4392-9a5d-177a84019c63,0,0,0,0,0,0
2cd9035f-af04-41dd-b63c-f47b75c90a8f,0,0,2c2dcbd8-f2ec-4187-9cd6-fb14194b5a80,0,0,0,0
3ebbdbe5-032f-4cc3-ad27-424c04fbf30e,0,0,0,0,0,0,0
7eb2bc28-8b0c-4409-be4a-13cd97394d9b,0,0,0,0,0,0,0
85f36fdf-63f5-4b98-ad76-21b2ba5ef8dd,0,0,0,0,213d6820-a491-4eb1-8597-c6b3daebae20,bab84381-0a71-4fe3-b4bf-cd98f6dd15e7,17007288-4eb3-4f89-9100-3b5121272e64
9cbd4a94-74c1-4848-a59d-26bf708c61db,0,0,0,0,0,0,00393b17-2e54-482a-84ad-2c9ddd5aa777
bfe9cb5f-28a3-45b0-94dd-9e0a55860a1e,0,5a941527-7fbb-4c46-9f68-75f4ab956e17,0,0,0,0,2fde5aaa-02e5-473a-8d36-f34307ad6e43
8bc03630-ea34-4c77-8f1c-cfa15e9a916a,0,86bbb39b-a326-462a-ba2c-e08c8f47a9c6,0,0,0,0,0
cf3b7582-9056-4f63-8421-67ff8fc2f156,0,0,0,0,a6f2a191-35b5-41d2-a2b3-cb558bf8843a,0,0
dba3ecae-092a-4b7a-b78c-3fa24f1bf51f,0,0,0,0,0,0,0
b2d52630-79bf-457d-98f8-e7bf1de62b39,0,0,0,0,0,0,0
3993b00b-0847-4431-9392-ff60a69e1074,0,0,d9d52d68-a99b-4660-89d0-1993393a320a,0,0,0,0
b953b279-995b-4f94-81a5-b201be523aa1,0,0,0,0,0,0,0
d0b56227-3c66-40d6-81d7-aa19c1f50dea,0,039af6d0-26fd-4ac3-affa-25f51916f6c8,0,0,0,0,0
c39e7404-5f5c-4ebf-adaa-3412cb3f1a61,0,0,e4f38090-3058-404a-99c6-8db36ece4261,0,0,0,0
7397e397-0fb2-4dc9-a13e-0e009a3c758a,0,0,0,0,0,0,0
e77e436f-d231-42f2-b45a-cae75e3219d8,0,0,0,0,0,0,0
111a75e9-2d09-486a-a54e-5992dbc2eca0,007360fd-1710-4e0c-947a-1a25a9f8b74e,3467c824-bff9-4cd2-8c17-1c731ad32f4f,0,0,0,0,0
7de6ece6-65fa-4d47-a0af-851f3179dc87,0,0,0,0,0,0,0
3227e6fa-c80b-44d7-abb9-2b8c5d9dc817,0,d27921bb-09a1-4277-85bd-e745ba2a37fa,0,0,0,0,0
179ffa7c-b7dc-466d-a498-b181fdb219c9,0,0,0,0,0,0,0
666a1b60-9c50-4f86-b3c6-bcba1d6bf7ff,0,0,0,0,0,0,0
75965700-9d04-4f07-a637-abfdbb49266b,14e712f7-f5e9-4d29-a261-57d2f49f0b42,0,0,0,0,0,0
0c448145-6d59-4bd8-abe8-ab0327021ea6,0,0,0,0,0,0,0
d1b6f9d8-77ff-4a30-9ed2-6c3d698c341b,0,0,0,0,0,0,0
77e33190-8e85-464c-8b0a-c0e4412ca130,0,0,0,0,0,0,0
5f52213e-c6e9-4aac-a691-17c4c582d321,0,0,0,0,0,0,0
d9eddec9-79ea-451a-8281-2633fa3e0d7f,0,0,0,0,0,0,26caa89e-e930-4f0f-86f2-87ddbe7a9c3d
6965daa1-882e-4361-8965-276a02cdd614,8f38807c-5220-4483-9d55-f6ba4153f571,0,0,0,0,0,0
537c84a3-b54b-488e-9f55-652409df94b0,0,0,0,0,0,0,0
e1981c7d-fc99-45ef-92cf-c4aac6090cfc,0,0,0,0,0,0,0
c26bd2e6-40d3-48c8-9d1e-9d4fd4af3231,3dbd992d-eb0e-494b-8834-88bb40e5fb18,0,0,0,0,0,0
2adfb24e-f964-4a76-8c4f-799f7c704096,0,0,0,0,0,0,39d27bde-1c0b-43ef-b621-d91141fa3292
7685a7db-c6df-4182-a3c1-c86e94bb099b,,,,,,,
97a112a9-31a7-4be6-bae9-0b828715e042,0,0,96ad9b21-77f6-4be6-81d7-7b37e77d0ec0,0,0,0,0
e620aa52-3217-4d9c-b733-36b8e5fe71d6,0,0,0,0,0,0,0
4d2b172a-3f76-4936-af1f-3a9fa3129835,e4cff5bd-3257-4b61-8252-c0d727a75642,0,0,0,0,0,0
c1780172-c0ae-4986-9870-c1f41d07186a,0,0,0,0,0,0,0
4b4763d9-f1d4-4967-b6ff-f60295e0b08a,0,a80e8c14-4ad3-4700-8420-84f5cf244634,0,0,0,0,0
2187101a-c4ba-4e73-abba-01f094808673,0,0,0,0,0,0,0
390c3f91-bd96-45a4-88da-a47c537cfe89,0,0,0,0,0,0,0
97db9cac-552f-4b75-a212-3f93f8345106,0,0,0,0,0,0,0
bedb5f88-f233-497d-8e1c-f8e553a47d67,,43d1dbe7-fa75-4cd5-98f5-05501b25b393,,,,,
e08ad1f3-3943-46cd-bdf5-ce9fdcdef72f,0,0,0,0,0,0,0
8e99b0f2-e61c-4fd6-9e01-f53da76b5f81,0,0,0,0,0,0,0
78295944-cac8-4b2c-b9cb-0a439fef22b2,73087b75-59e3-4971-9032-5bbb96f1d891,52634199-9f59-4c5d-8245-a4a53f1abfac,0,0,8bae9755-60cf-4918-af63-ef8f08628e11,0,0
4db0af7c-e9ca-4475-9d0f-0d7ca82d31e8,0,0,0,0,0,bbdc174f-d5ad-405e-86c5-d8bc22bef9c6,3f20a208-8621-4abf-8f39-d07ccabd022d
ff1be3fe-9942-441e-a9e3-f329d0b65eb2,2ec7d47c-5c21-471e-9021-27e7f4c38135,0,0,0,0,0,0
0252299e-ca2a-4dad-941f-c48bd96d99b6,0,053f0c70-2ee4-4a93-9c4b-c7ff0bf8d90a,0,0,0,0,0
c9cb2f10-838b-400b-aaa9-a2a2a4defe64,0,0,4cf9c3b1-6c1f-4536-9f0c-44d5f5e7db02,0,0,0,b380a6be-d0fd-4ce7-8b93-3df4ff621f49
0b938518-efd3-47e3-bdc8-5c276cf701ef,0,0,0,0,0,0,0
b22a8a03-1b58-4aba-b2c8-1098315cfeda,0,0,0,0,0,0,0
9b2e6647-660e-43d8-9e27-a5f06b0ddb54,0,4fd3639a-1d77-46d3-ab4b-4e04d00cf925,0,0,0,0,0
12a39cf2-449c-4e3e-b7ca-40622cf386aa,0,cc8ba32d-ca19-4d60-9f68-b01f3beac62f,0,0,0,0,0
740a2044-a117-4a58-96a4-6861ab0fc8aa,0,0,3a1e7600-ada3-426e-b65f-fc998138ed2f,96e03893-4457-48c4-b318-0b798d586610,0,121c61cf-d888-4660-9632-82b16e914373,433f9592-4ebc-4cef-bd7f-4fe0d9437ecc
b6547495-27e9-4562-9b13-89d0be8007c0,0,0,0,0,0,0,0
f203b61c-9fbe-4ec0-ad8f-aed1da80d216,0,0,0,0,0,fb000b11-9ace-44e3-bcd2-bbe38cb415d1,0
5e775625-fe5c-49b8-9648-d9f7929eb241,0,0,0,0,0,0,1c69c6b8-ab85-4baa-add6-1352008591f0
13177ee7-67ff-42b4-8bd1-4c1f7a91598f,0c0cba6c-5021-4bb1-ae69-c82b54f0836e,0,083c72e4-7887-4760-b127-dfe5f209e406,0,0,0,0
5e4874a1-4ac4-426d-92da-51c761d527cb,0,0,0,0,0,0,0
eef15e99-0ec1-4296-85b6-530d218819d5,3d5d7e6d-fcb8-47ba-98db-e0e2c8ecbf74,0,0,640ac0e0-eb50-406e-9dcb-3e9866ac2e1e,3a5825c5-349d-4c5c-9b53-5890173188cd,dd5a8ada-b05b-4e5c-9d4b-380033df1bd5,0
d39aa0b0-e9c3-4146-9925-ca1c517d068a,0,0,0,0,0,0,0
938453ab-ad1f-4e95-9b52-7ee678665e4d,0,0,87d86570-a526-4efa-a9ac-f36ed78d0adc,548b2b5f-e5ea-44de-aba3-c6c25a7595e3,0,0,0
c3268e1a-374b-4713-9326-f524d2f4ca87,0,0,0,0,0,0,0
665a7faf-e518-4918-bdce-acb10e79dcf0,0,0,0,0,0,0,0
c5ec367b-daee-471d-9d22-052771185713,0,0,0,0,0,0,0
bea4c452-ce54-41a3-beaf-8ca6e2d133a8,0,0,0,0,0,0,0
8cd0994d-4c08-473a-bf11-94b08d3082c6,0,0,0,0,0,0,0
33a2aa89-d62a-4962-9655-e21e1ddb2348,0,0,0,0,0,0,0
013c54a0-e7d1-4da6-bce1-995d7be626c9,0,0,0,0,0,0,0
04738700-75a2-4d5c-864d-de41c81995db,0,449aa555-1504-4558-a7e1-aba28a6721ec,0,0,0,0,9a91c6c1-3783-4278-a5c6-ec90437cb315
d0f180bb-334a-4c66-8027-ffa9879ff465,0,0,0,0,0,0,0
f62b6c54-6847-47f8-8112-f6269578125f,0,0,0,0,0,0,0
76282d16-e2c6-40c8-96d1-92b81da07619,0,0,0,2c400154-de77-4e19-8303-e7d9c4798cde,0,0,0d2cc343-247c-4daa-95cc-4c6f53f96cef
139bde09-27ac-4b94-a94e-9a030fffa1a8,0,0,0,0,0,0,0
4a8884c1-3f3e-4ad8-ad30-15d90ed08b3d,0,0,0,0,0,0,0
c2d548eb-fa0d-4685-ad65-298a326e7095,0,0,0,0,0,0,0
6ce3e404-091d-4e74-82cc-4649ed2c567e,0,0,0,0,0,0,0
88b8f8e1-ab4c-4659-8c59-79fb38e29086,0,0,0,0,0,0,0
2f149ce3-29c5-4f29-b3cc-de9f72f917b3,0,0,0,0,0,0,0
b47419d0-3ac1-4cce-b89c-d8ff486c24eb,0,0,0,0,0,0,0
70584e25-7556-4d3d-9c74-331460dde1e8,0,0,0,0,0,0,0
ad5b38ca-7444-4e94-8f17-93dd1826bec2,0,0,0,0,0,0,0
ef30367b-bbd4-429a-83d8-6af834e2f668,0,0,0,0,0,0,0
88849456-c4ff-4c5a-8ba2-13e503983bcc,e4c91f8a-bddb-46c5-bde5-dc23dfb1b792,0,0,0,0,0,0
97f2905d-f074-44a7-a26e-011599793af5,40b070bd-fa25-4c4d-973c-6b23551d2c53,a188d406-26fc-464e-b9d7-c407610048c0,0,0,0,0,0
fdfe103a-06d9-4636-b498-a9d698bfe538,0,0,0,0,0,0,0
74545130-94c7-4049-92bd-86ffd7cab6cb,e210d26d-788f-4496-85eb-1fcea1d6c600,0,0,0,0,0,0
365a5ea5-03c6-4caa-8424-7a33339d0642,0,0,0,0135136e-d48c-490b-a36c-ea59f8dedead,0,0,0
bd3e47c7-f76a-4998-9bbd-167e68d1ee42,0,0,0,0,0,0,0
76fc0c90-f865-4cfe-bebe-21fa53717704,4dbe3da9-778b-4142-8599-76712c8603a4,811115aa-936f-404d-af47-5baf430407ad,07ea2208-ff59-4bb4-a815-101efec17d5e,347c8a50-2139-47e9-b6f4-e99321f9ce9c,0,0,08d44714-3f94-4854-ada8-4f6cbc0b4082
f12f4cc5-27e9-4691-8dce-dba40040903f,0,0,0,0,0,0,0
fbfe14ab-a48b-424f-b09d-6c1478f0edcb,0,d05d3ebc-6d86-415f-8e00-98452d18caf7,94ccdd8b-9468-4557-8eb3-e272f6251e9f,690aacbd-51d4-4270-8e17-5b15f74a00e2,0,0,0
7092252a-1dbb-435b-a339-aff889c58267,0,0,0,0,0,0,0
6d740ea5-b888-4fb3-b25f-6cb36ea57a01,0,0,0,0,0,0,0
a6051ad8-fefb-4d7e-925f-13cdcb16b73b,0,0,0,0,0,0,0
07cb0b23-2f4a-4ad6-9425-61afba597d59,5fb15e13-cea8-4e35-9c11-30daa6dd5fa0,e99d5fee-a871-430c-8d87-add83fe50f6d,b8bf5621-ce94-4a1a-927d-cd8b9b51c4a4,0,0,0,0
d8ac6e40-18aa-4cd2-bad9-c24097babf0d,0,0,0,0,0,0,0
70382534-b8b7-4272-8471-32f7d6300b15,0,0,0,0,314909f5-2374-4c07-b7eb-263627721a42,2f41ed2a-051b-46db-8fee-8108d8658458,0
40ec196c-cc92-497f-9a9a-4a7a43304c2b,0,0,0,0,0,0,0
4e657bd9-9975-4f07-be10-5f1fe5677501,0,0,0,0,f0b756ba-9984-4437-813a-9bb7fcfbee8c,0,0
a64b8bef-215f-4f25-aeb7-5aefcf828486,0,0,0,0,0,0,0
0c2cae40-bf1d-402b-bcd9-d7d22cb9c0f1,0,0,0,0,0,0,0
4efe599e-daf0-4cd5-94b4-740242dba743,0,0,0,0,133b8d79-c8cb-474d-91cd-dc016a41c221,0,0
25778f10-deeb-4cbb-a724-52493a571301,,3e3f3959-44b9-4795-b31d-b7ed738330be,,,,,
7845221c-b025-44fd-a07c-894ef7c42cf2,,,,,,,
d234616f-b731-4b14-92cf-f4ba4f8109f5,0,0,0,0,0,0,0
fb633682-9d29-47d1-81cd-a1848becebb0,1546b34e-c968-4fcf-9fb2-a6b898e738ab,0,0,4b6def54-9c08-4a2e-be99-b5e5ec76f5f1,0,0,0
78b09dc3-44c8-4c17-976b-239bc2a6225f,0,0,0,0,0,0,0
31de6bf0-9819-4cad-81fc-6d787312acc3,0,0,0,0,0,0,0
c7e41c6b-81d4-411c-b051-3447583813fe,0,0,5d88049f-76ac-4626-be68-02cbec8adfb9,4d77910e-8d03-4e83-b2c8-7c1f0bb9f447,0,0,dadd57b8-ed02-4cd0-ba36-c7623c51a5a1
74bdbecd-70a9-4a81-88e3-dc98da654833,0,0,0,0,0,0,0
b96faccc-34f7-4499-b3c4-9fc4b208ff34,0,0,0,7ed14755-8721-4338-b666-e27deffa4bd0,0,0,0
b088ce95-c5f2-4afe-a1d4-9245e5690ac6,0,0,0,0,0,0,0
6a7cf78e-1877-47ec-87bf-a4e84423c763,0,0,0,0,0,0,0
a617848d-fd1a-40c8-b6e3-9f92126c8bd4,0,0,0,0,0,0,0
008849b1-87fd-4453-90f8-9b0089e78063,346b7b0d-cffe-4445-81d8-325d3d979925,86b0fb3d-70cf-401c-82a9-e86b879de9dc,ac9f2a68-9d72-423f-8ead-146e223db4f8,69870b53-1a3f-4317-a85e-c8591d56efaf,,c872c181-e9cf-469c-853a-169c4af0aaa3,7b7ec592-b4aa-4ac1-9139-009458b8ade7
169e21f6-c32f-4ad6-862c-db0712ee1fb0,,,,,,,
9882b155-3cbe-4a55-81bf-67a9496e6173,0,0,0,0,0,0,0
945c6336-6711-42b2-a240-01b1b9f403c6,0,0,0,0,5fb152e2-4ccd-4743-8448-d603b0572a5e,0,0
d6c545ff-cbe9-46d7-bfb5-bd8ec038dd3a,0,0,0,0,0,0,0
7370b248-0ad7-4010-979f-a740c898f0c6,0,0,0,0,0,0,0
c5cb1688-bfcf-4cbb-a416-380acea1923f,0,0,0,0,0,0,0
fe0c2771-3e66-4073-9632-e9e649b7227d,0,0,0,0,0,0,0
612c6de0-6dff-47d5-9956-69173db4e230,0,0,0,0,0,0,0
1d738594-fab9-441a-ae75-2283218418d7,0,0,0,0,0,0,0
64665ab3-1572-4051-826b-20503fcaa085,0,0,0,0,0,0,0
ae591583-747e-46be-8bbe-986fb220f09b,0,0,0,0,0,0,0
cec763ee-5ad8-4b86-8d58-bbf96c5407d9,0,0,0,0,0,0,0
9b12f0b5-d10c-4d43-8f44-b5601fa510be,0,0,0,0,0,0,0
10a50535-ea54-48e5-840b-0f467d4b339a,0,0,0,0,0,0,0
7ac26e9b-a9c7-44db-ad5c-3a08f45f50ca,0,49c7be36-c3ae-4ccb-957a-59e393bc0a8f,0,2790578c-8fa0-4d3e-b6fa-6dd12bcf3ed9,0,0,0
fa24fedf-0c19-4e57-8870-90101bc42aa1,a9766ef3-1aff-44f5-8f49-c341f3cc0e08,fb4fd049-3761-4f6a-abec-1a9eaed769b2,9f1e8cd2-9513-4f06-af92-f44a2c7c6c4e,80c7de42-fecf-4955-a962-2e9f6595adc2,0,0,0
55cfb269-6585-4ae1-bd89-8ef6cae6ea79,0,0b7d97d7-d6bd-4e86-9384-a8b38a58c120,0,bce9a774-0c34-4e5d-9bb1-745e61394c08,0,0,6ac14e10-4c52-4645-bb54-125d2070fccc
745707c2-e7a4-4b33-9f7a-f6dfc2d6a221,0,0,da1f07e6-29a0-489b-998e-fc9bda322ea2,0,0,0,17f909a1-ff7d-4a0c-ab75-e520fb2af261
3b8f956e-0a9a-4a8e-9a30-afb90e73eae8,0,0,0,0,0,0,0
7027ed4a-f38c-4d5f-9049-468f2bb12324,0,0,0,0,0,0,0
12b05c98-b08f-4df2-850e-76180a358f48,0,0,0,bae818c4-0518-4fe6-a766-5fa3b433d11e,0,0,0
89509f12-75e8-4b62-8b7a-f709776ddd2c,0,0,0,0,0,0,0
2b99f168-e63b-445e-a7dc-7f8bf76da331,0,0,0,0,0,0,638710de-7416-42b7-9615-df8ca21064b4
50f4ee06-deac-4049-bbd4-0cd727d4c319,0,0,0,0,0,0,0
cdfb2c2e-c05d-4891-9228-1e918c4ae0bc,0,0,0,0,0,0,0
9963cb33-f78e-4f21-a240-9542d9e8fbf8,0,0,0,0,0,0,0
861aa935-2abd-4e2f-8ae9-a66b046e75c9,0,0,0,0,0,0,0
6a3869ac-c7b9-4b0e-8f34-a8ea858a452c,0,0,0,0,0,0,0
818ffc93-d7ef-4eaa-bfac-81af7b1fb6f4,0,0,0,0,0,0,0
8667fb3f-bfb6-4985-b33a-dbb9a5137a47,0,0,0,0,0,0,0
b9c0b467-4b1f-40f5-bbdb-39fb34fe9102,0,0,0,0,0,0,0
ad01716e-2623-4e4b-bcfe-ff91b14b2927,746c278a-7c8c-487b-b6d8-7cd0019bcc69,0,0,195069c2-35e4-4ec5-b355-baf30f72d17d,0,0,3bffb645-42a8-402d-9b62-d748e7a9b4f5
083fcd78-e119-48ec-92c1-604a8645fb7c,0,0,0,0,0,0,0
a291e7bb-abb2-41c7-abb5-64b370b5c51c,0,0,0,0,0,0,0
a6c70aaa-c0c0-4548-9583-7cb454a56cdb,0,0,ae8c58d1-1c85-4c6c-b040-0eea89ba3313,0,0,0,0
33ed0695-3eaa-46b5-9edf-29531eb2952d,0,0,0,0,0,0,0
97c261d5-5d57-4287-abfd-d200009c1371,0,0,0,0,0,0,0
ddcba12b-1354-40cb-9164-d34884314057,0,3b2157c6-8acf-4f51-aba3-510957b29164,7d11d02a-9898-4306-b1c3-e549379d1696,0,0,0,0
8de30c31-9684-405e-ac4f-b8a3db376852,0,0,0,0,0,0,0
3cacdc43-983d-4119-986a-1587674c025e,5ee852e7-0c4e-43b2-8171-a016a1de072d,6d2ccd89-20e0-4266-b2fd-45162aeb8f84,b6e462d8-d316-4b6a-bff4-fb9f25799c76,5426bfb8-0d3d-4741-b6c4-fc25d8e3d03a,0,0,0
83aeeb5f-1bfd-4372-b4bf-4d43b87c9601,0,0,bcdc6c81-a00b-4fd1-984f-6de3ca36ba4f,0,0,e2c7c922-2de8-4776-820c-b4d68d9b2da4,4cbf4822-d95d-4ec6-a78f-2960b2c727c4
1add98b7-8cca-4c6e-9a8a-a35e3b4e41ec,795e8c32-4042-487d-844a-309b3c06efac,0,0,0,0,0,0
9cd250f7-f340-4f1b-a8bd-452d2489fdc7,0,0,0,0,0,0,0
3ec4f64f-6065-4e19-8b70-031605d30962,2def3c77-5a9b-4a4c-9425-cfb59b8575a4,0,0,0,0,0,0
f2e85f28-1978-481b-a3d4-87259afcde64,0,0,0,0,0,0,0
86de5080-7da2-4cd1-aac3-d91cf018b910,0,0,0,0,0,0,0
868b221f-aea2-4448-b3e9-1c3e44fff92e,0,0,0,0,0,0,0
b6b8e759-b519-43ee-9bdc-bebaa7bef1c8,0,0,0,0,0,0,0
b948ebf2-4ed4-4188-afdd-8d4daf242706,0,0,0,0,0,0,0
d6bce8f4-f1db-4b8b-8bcf-c12cb7581e81,f2da3170-3a40-4fd7-82a5-78c9948348db,0,0,0,0,0,96c7eb8c-a2c3-4d46-9757-fe20f8180f66
915d00c0-49dc-4036-ac5c-92153e281064,28c84d7f-7350-4fee-b6ab-c48d8b2446b9,0f0b0127-f284-418a-b37d-bc8af1dd47fe,cbe53e81-7f0c-40c9-98cb-c4abf844e0d1,0,0,0,ed1beeff-52b1-4eb0-976c-6a7831e883d8
1fe108f3-ae4e-4182-b744-b04fe60c2e5c,0,0,0,0,0,0,0
1524dcfa-ec35-4518-8373-45b6a1d702c8,0,0,0,0,0,0,0
9e6a558a-b9ba-49c4-ab9b-a15419070fde,0,0,0,0,0,0,706161e1-6f24-444e-b89d-7f364966fbe3
04972c65-d348-4b94-b7c4-d22f6ae9578b,0,0,0,0,0,0,0
c966c188-cb5e-4d6f-9e1a-c6e73f8dfbc5,0,0,0,0,0,0,0
c6dc0911-17ad-48e9-8574-4aa107f434c4,0,73095b65-3ba1-49d2-937c-7d9ba7c99420,0,82d3544b-252b-4385-bf2c-35c18081a3fe,0,0,52eccf00-e623-4f53-8db1-e41221cab440
eab9451c-265a-4d83-b539-e782c24bb490,0,5c57d3c4-a855-451c-acf1-6efdd18f2369,0,6d5aa07e-bfee-414f-9e84-8799c6c43ea0,0,0,0
2b58e4be-e0f8-492d-9637-6faa0ca4f6fc,0,0,0,0,0,0,0
6107c63a-ce8e-45b0-85ce-638924bd5644,0,0,0,0,0,0,0
82cb7b2e-bb83-4c43-951a-e977677112e7,0,0,0,0,0,0,0
b04f1ea2-c615-4947-8641-9dabdf439140,0,0,0,0,0,0,0
e6adbab2-cc94-4d90-a2ac-4265aec986ef,0,0,0,0,0,0,0
ef71847c-035f-4d12-ae3d-992b05a1402d,0,0,0,0,0,0,0
b29eb1ff-292d-425a-bdca-d017c819f7f8,0,0,0,0,0,0,d9293958-b322-4fe5-922b-127fd05a9440
cce40d2c-4f59-49c1-8be3-5d51b33a6163,0,0,0,0,0,0,0
facd8fad-fc62-4519-9751-bbb0d06b01fe,0,0,0,0,0,0,0
59789e1f-5ea2-4b87-901f-fbf69bd59701,0,0,0,0,0,0,b5dc830e-6f36-429b-bf94-a3a5625e7fb8
70f8f3dd-6351-4c10-98a3-e32e2d28c1f6,250d466e-d0cd-4663-8ddb-3b8be6f0ea44,bbb526ff-f1d7-4f11-82cd-c7ee6d5669e4,0,0,0,0,48c38e00-acb1-4882-89a8-d22ce5ca1988
7a6c2b0c-ae9c-4812-a776-cbadb8750566,0,0,0,0,0,0,0
9dca8f6b-f963-4d79-979b-d468162ed14b,0,0,0,0,0,0,0
a848c17e-a4f9-4d91-953f-e3a0442040d1,0,0,0,0,0,0,0
5e4d6137-ef10-4c8b-ae38-aeceaa89dc59,0,0,0,0,0,0,0
87582c9a-a4ff-4f8a-9c1f-1057c51a24ee,0,0,0,0,0,e6b15835-f8d4-4b86-bf49-25b02e4dc8e5,0
0749dc1d-64cb-4c59-b900-82481ccb3fc4,0,0,0,0,0,0,0
180f2d7c-ac08-4db1-88a7-ffb8f4d0029d,0,0,0,0,0,0,0
5b4b2fef-e480-4c23-aed5-4f5f180e50e1,0,0,0,0,0,0,0
b97c49e9-c8a8-40f6-b7be-5604e201548a,1f5c33d7-549d-48d5-9637-c771cdc21072,0,4c13f35c-a9f4-48a2-9d2b-04141dd50610,0,0,0,0
93ca1ef7-254a-40f8-b767-aab9beefbfc3,0,0,0,4850b2ab-f83f-4cd9-9652-93cdf5cfbea2,69717d45-67fe-4a72-99c5-a369bd5df785,25da5b18-b725-4a04-a80e-92ee26547e73,85020823-5ab9-4277-adce-36e4b0133f6f
0a0b64ce-badb-49b7-b4e6-2a725d564598,0,deba1eb1-b6f7-4829-847d-5fa516abd56e,0,0,36957e16-4718-49f4-9df8-9745f2b80aae,efe7decb-8081-4536-bc0b-737b3e4ff350,a190fb2a-957e-4a9c-919e-230e651a6496
44f933f3-3089-4df8-b983-489565b2424b,0,0,96699d12-df17-4943-b353-82510c4da0b1,0,0,0,0
9d834e48-f83d-4419-9899-e4b3b9a3dc69,0,0,0,0,0,0,0
7125c473-2206-4d03-a5ea-920308ad3e68,0,0,0,0,0,0,0
d3a1324e-92ef-46d4-bcbe-5a616bfe8cee,0,0,0,0,0,0,0
0f579ca8-06f4-427a-ab4d-ae685bc3a473,0,0,0,0,0,0,0
90833296-6041-48c9-9837-fe090ff67fde,,,,,,,
e4a67441-49af-40bd-ad4c-df88ba87f85e,0,0,0,1c159df7-91e6-41df-adfe-4e0fda60a389,0,3f5248bc-2dcf-4736-ab3a-4a92721329ea,da9d60fc-2815-49dd-b5ff-965b4daa633d
31661734-bb83-4bf4-8c68-0b7afd4f8d48,0,0,0,6a0a4bcb-f555-433d-a560-6d4a2cae6afc,0,0,0
781b0d4c-788a-4bcb-8cec-c4384c566b57,d0fe4e45-133d-4929-b978-543af5424915,0,0,0,0,a1bd8117-9acb-4f53-9a6d-980f3191d6bc,1bf1cb6e-16c6-4a19-aad4-3aea2a67d40c
ad92a845-98eb-4307-b634-0352e47375bb,0,0,0,0,0,4be17dad-2a2f-4585-9ef4-46a5ca99d27a,0
875e7d63-8578-4d2e-bffd-3988b3cd2a74,0,0,0,0,0,0,0
a941296b-15b9-4a8f-8396-088d7bbcd1ba,0,0,0,0,0,0,0
7e4125a6-b943-4bc7-a8dd-dc3a3127c2b6,0,0,0,0,0,0,0
8f54c7a5-ef71-44e0-9164-d8207652160d,0,fd33cb37-d9f1-4572-ad27-881182efec01,ac941f11-01d0-49fe-b767-150734fb8a30,0,0,0,0
7ed3290f-bf8c-4f62-af6e-0e17a7cfa872,0,0,0,0,0,0,0
637a0365-d079-44f4-aa73-b7c38098d64a,0,0,0,0,e2155c0e-8c45-4970-8dc5-411a26880089,0,0
762dc859-113e-4bf3-8c2c-4b5993c6752a,0,0,0,0,0,0,0
f6e11b5c-cf77-4f39-81fa-6d3ff8bd9bdc,1ac61ddf-3d23-4c09-816b-6210271a36a0,0,0,8cde118c-cd2d-4c3c-888a-18a0df873310,641360b9-9602-49af-b5b7-55d9c73cf5bb,0,0
63ed555a-f7ec-4101-bf30-8d2463abb1dd,0,0,0,0,0,0,0
a3a2ec56-acd3-45c6-9340-4dfacf8333cb,0,0,0,0,0,0,ad1cd938-443c-41ff-8016-f9f70584e201
2e0207c5-32bf-4556-a37e-955b214d8757,0,0,0,0,0,0,0
d1cab6b6-3c33-4e23-a363-3e0a496ae2cf,baff6d98-65a1-4b4e-9fe6-1a917fbfca8c,0,0,0,0,0,0
02a020c2-6a22-426a-87ec-06d7b7be54ad,0,0,0,0,0,0,0
0d4dd558-590d-4046-a40d-87b1475fb44a,0,3fa63925-b21c-461f-9661-0b31a022af19,0,0,0,0,0
57da201e-7e6e-4fe2-b63c-3f43e3b4a66f,0,0,0,0,0,0,0
06e2e2ca-8d55-41ac-bf73-855d9019d6f1,18c50969-e63a-4f93-947a-6d37ac28fcc8,398c6cad-b94b-4725-ad42-bce6f6292ff3,0,0,0,0,0
2b918e0e-447b-4939-97ae-023c542b46d2,0,0,0,0,0,0,0
95ad4247-ce4d-49ed-bc46-c02cba8f72e4,0,0,0,0,0,0,0
426915da-c971-4b4c-917e-d2eaaf30dce4,0,0,0,0,0,0,0
9b9b6041-bbce-42df-b25f-a012a5a8b635,0,0,0,0,0,0,0
af0953b2-f0f8-4688-88ae-2eab8ee11748,0,0,0,0,0,0,0
eafd0eca-152d-4c97-a0d4-d3f68512420d,0,0,0,0,0,0,0
5979a4f9-53f0-4398-b73f-3c6d2ace96e4,0,0,0,0,0,0,0
1403808e-3733-4107-bb1b-9ec444a34484,0,0,0,0,0,0,0
1496934f-16e7-4848-b686-504957119989,0,0,0,0a2e84dc-5b82-4e34-81d7-66ea58925fd7,ab365927-7698-4e51-872f-c4c893b71952,0ccc0577-475f-487d-a327-fc2beb47f85b,0
4e4833e3-c549-4b19-92d5-c11213f6f775,0,0,0,0,0,0,0
ebd6f61a-3217-482d-9615-cbee464fe2c3,0,0,0,0,0,0,0
40892d31-0764-4136-b44b-02225148939b,0,0,0,0,0,0,0
e47ad9d4-9124-4218-b2a8-eabf6a8f54d1,f84d8383-18b7-4870-9ae5-7d6876103b25,ee55210b-5df8-47c9-98e9-8fcb7407b02a,0,0,0,0,0
d64e6319-ccb2-4ec1-a06a-e651ca038283,0,0,0,0,0,0,0
0271be42-baf7-4463-86e4-8e82148d4e0e,0,0,0,0,0,0,0
e1c63b30-18e8-4ce7-a7d9-5dae00d9e3eb,0,0,0,0,0,0,0
99158172-b45e-4f12-ba5b-44a99db9a74f,8f9c5215-85a6-400b-baf3-e58d3ba7f225,0,0,0,0,0,0
7b15a256-3742-43ad-94d9-b41f98266050,0,0,0,0,0,0,0
a89e3f76-afa6-4c4a-96f4-2fbda8ffaa54,0,0,dc929199-bd99-47fa-925f-11d0f8ad94e8,0,0,0,0
2ee54ca1-e1cf-4d1f-bc86-89c2136cbeae,0,4708fd3d-67d0-4247-87ae-741976209522,0,0,0,0,0
bfbc7812-741b-443c-b9d7-a737434aee94,0,0,0,0,0,0,0
04ea139a-05b9-42ee-8bd0-3f3271c750e1,3b0efa92-4713-4bab-9b25-5837c2b7460f,0,0,0,0,0,0
7a2f2062-ba1c-4d26-94db-a019a562211d,0,0,0,0,0,0,0
8d4e6681-dff8-4b38-955a-44fb6e2431cc,f4ba6eed-6b78-4845-bd14-345fd17ab8bf,0,b6103d53-a9f3-4319-92d6-cf7e403cc31d,11375326-90d1-4827-b213-568c38756882,0,4f08db99-0a4a-45ac-83ce-486eafd5219a,b73e61d7-43c7-4b3a-932a-c6d0af059559
cda9928e-ee30-4c1d-a992-327d64725d81,0,0,53b40c5d-3127-4c67-a661-b848e62e1bb0,c7b53e66-8001-4d08-be3b-bb46aadd86ba,0,0,0
a37b38ba-4deb-4930-beaf-e29d4faa1a8e,0,0,0,0,0,0,d99740fe-60ab-483d-882c-329162a6f193
d5ec18cc-ae6f-4138-a904-a0a68b98adf5,0,205ca3bd-7cc5-4af6-9d4f-69f07938a749,0,6cae0563-5903-4eed-95f0-fb8712e9d5fd,0,0,0
74b09557-7f64-4357-b20b-70869e7bb253,0,0,0,0,0,0,0
23a49eca-7ba3-4e8e-acc1-24a6ef5bb145,0,0,e90b707f-0569-4aa3-a12c-87ccc11a52c8,0,0,0,0
c997af44-8b84-43df-b0d4-91a4479649ca,0,1499cff5-9a82-4a83-9a06-0e0cbed9ccc3,0,0,0,0,0
c08f2b51-f079-4dfd-b6df-8a1a9a8f15c3,0,0,0,0,0,0,0
2c9b2177-cd36-4de3-9604-52e27b68e587,0,0,0,0,0,0,0
51e49abc-e21e-4865-8a49-304f8babc3de,0,0,0,0,0,0,0
8256f638-00af-4f90-9fdb-aeebbf7986da,a0bf52f9-0b54-4bc4-8bef-fef1f8a2ad41,79ece5cf-b1fb-4661-b1d8-56708c2dbb70,86878011-8509-4f23-b0a0-f917a60a0b4c,0,0,0,0
d8845018-5e5e-4ad1-8e81-b28760224920,0,0,0,0,0,0,d9ec405f-3de9-41cd-b48e-551266f6ae31
59b1023e-1eb6-453e-8036-668749bbf31a,0,0,1b4b098c-0382-4ceb-8d67-f4f9ec87bd94,0,0,0,0
d5337a02-d51d-448a-8cce-608673fffdfd,0,0,0,0,0,0,0
49e9472f-a4ea-4195-ab5e-191a4fdcf889,0,0,0,0,0,0,0
d23dc1c7-778d-45df-a78b-fb96bf7fbfec,0,0,0,0,0,0,0
79221a90-d83b-4f07-b756-a493b4801e40,0,0,0,0,0,0,0
05493a89-5d8f-407c-b5ca-d269f6d5af55,0,0,0,0,0,b8917737-098c-4d26-bfee-88fcf9b9d17f,0
be392cbb-c520-4bf8-b2bc-af0185a610e1,1bb0bd00-5e9b-439b-a09b-fdbeb45f216f,0,0,0,0,0,0
9ed0b369-18f3-45e5-b53e-028a2747cfa8,0,0,0,0,0,0,0
9321fedb-a70a-42a3-a59f-1ba4ca6621d6,0,0,29942f5b-e629-454f-b031-01edc201b394,0,0,0,0
9fb9e451-6e05-4804-9e9c-a41156ba4d6d,0,0,0,0,0,0,0
56d385be-abf8-4bf1-9afd-8c57441333c7,0,0,0,0,0,0,0
9d5bc568-a41e-4313-a875-2a65f4ec3ef2,0,0,0,0,0,0,0
43cbab67-43e7-4615-bd45-910886f17d30,0,0,0,0,0,0,0
9231995a-345b-46a6-86e7-37642cf70e97,ca092e91-affd-4f33-babd-09e07484391c,0,0,0,0,0,0
0789f736-9172-4748-8736-6d71f3d9b4e4,0,0,0,0,0,0,0
f2deca00-404e-4a66-87ac-06fcd27521a9,0,0,0,0,0,0,0
143ea7fa-72e7-47a9-b034-8f95a5465e62,0,0,0,0,0,0,f6c7929d-2b46-4176-8945-de6de82e9a85
086c0823-e45c-4973-9bff-ef07bbb9d14a,0,0,0,0,0,0,0
a28b9b6b-b92c-491c-b241-269104e4b20c,0,0,0,0,0,0,0
24011888-8956-4721-bd31-16e25befa503,0,0,0,0,0,0,0
bf525a4f-4c2f-42cb-9ecd-1513e1decf68,0,a90a32c0-690c-47cf-9ba3-79d1768e260b,0,0,0,0,922e2226-e9ba-4aaa-a591-0f490bc69537
64a3a706-c4b2-4a1c-81fe-278ddc1fb014,,,,,,,
f7f4c32c-c57b-4e00-a47c-3090616cd866,0,0,0,0,0,0,0
284bc813-b322-4dfc-9476-0a96d7bf5b53,0,0,0,0,0,0,0
94788b05-bb7f-4428-9b59-93e2d3ce7183,d92a4da4-ca39-4344-9fb8-10075c8456d4,0,0,0,8e333a16-4af4-4b5d-a97e-02f5099f9021,0,0
93c74508-cfb4-4b02-ae5d-10bb3cf304f1,0,0,0,0,0,0,0
c00317f7-3f5a-4b01-9f11-4833c28b0d2a,0,0,0,0,0,0,0
105f372b-0c99-4eaf-8490-6355c87414b7,0,0,0,0,0,0,0
a39b6beb-b087-40ec-878b-9697d602e4e8,0,0,0,0,0,0,0
e22e61f5-0e2f-4323-b826-1a389d26087b,0,0,0,0,0,0,0
0b077dca-28af-4973-88c4-39ffe0b4f2cf,0,0,0,0,0,0,0
627185f0-212d-43d6-ad3c-8d0f1a5e6108,4609ea82-1d06-4494-adec-e7fb91d6f3aa,0,394d4524-fc6f-4107-b93d-b672c2dc4417,0,dbe54f8d-9dfc-4953-baaa-bd9ca2b74e48,0,0
dd064338-54da-4ff0-a621-4d49728f8236,e22474cc-42a1-4b71-bfac-496b299f60fa,0,0,0,0,0,0
c0bcde91-19f3-4668-a350-21136331e28d,0,0,0,0,0,0,0
afd355ac-6e0e-4a67-8e2d-18769b909abb,4a8df53e-39fd-487b-816a-5ec49a32eca7,0,0,0,0,0,0
039eff8c-6227-49b2-be8a-36126274addf,0,0,0,f87adf09-a766-4e80-afc3-5b343c6bd266,0,0,0
e5a2d84a-ce35-4087-9faa-ab8ebf3549f0,0,0,0,0,0,0,0
43e5dbec-ad39-4c6c-95bd-68967a88d04a,0,0,0,0,0,0,0
31578bef-e1d2-4852-a548-beda55ab792c,a3e9e5ee-bc29-48cd-b280-2d9bdb685da6,4efb4251-6e3a-460f-8811-243a2feb6275,93bf6ace-d77a-44a9-8864-2dd1fd10ac11,0,0,0,0
f8912654-fd42-472b-ab2c-efdf4522b44f,0,0,0,0,0,0,0
030c2476-0498-4cdf-8368-5a55a1e8f902,1eac0351-b72f-47a2-8463-21239eb34524,54e33f01-1d65-4f58-97c7-e54ad5370049,9446f52f-f94d-4288-a96c-5b9201ac622d,0,4ead140d-fbcb-4b36-a5db-1ca0a57e9abd,0,03749296-3750-4939-9ca3-2a4b70b613c3
569209fe-7b87-4d11-8d24-3525d6b8e560,76d14a97-c121-49fa-8213-715305ca8a39,67c8da48-5d9c-4fb3-98c8-b2ac5cf585d5,0,0,0,0,0
55160e29-789d-4ec1-ae2c-07ae7dd30194,0,0,0,0,0,0,0
35562c4e-3c2f-4a4f-add6-e8c7f407bcf9,0,0,0,0,0,0,0
753df00b-babe-4873-a8f2-8f4cd8e02749,0,0,0,cf18fb05-6277-4008-9237-776cdf51cbce,15397365-478a-448b-a109-f841c321d862,3d02a878-091e-4d20-81f9-a64ea66d8a36,0
c0120f51-ab4c-476d-bd91-4d5f246e9074,778056e1-1b1b-4199-b73a-168f015a6aeb,3d544317-dbb6-47ce-9744-13d67d57e15e,0,0,0,0,934733f9-d0e6-41b4-b50f-4f87f0d2c8e8
d4ea95cf-e3b8-488f-b3c5-160b4cd5d974,0,0,0,0,0,1406851d-56de-4bb0-ad72-60dc37ca9bb6,0
c898bd8c-d5b4-4bb5-819b-d80378ecbd70,0,0,0,0,0,0,0
24f5f284-5c7b-41cf-bcec-56e7db601464,0,0,16b84ce3-0c68-4aa4-bd9a-f4735c42a2ac,0,0,0,0
915508e0-ea3d-4082-9142-7b178298dded,0,0,0,c92d4401-2b9c-4e59-8cdf-5725a6fd0a9d,0,0,0
d324bef0-4d75-438b-8a2a-9be977c67942,0,0,cef2e991-7d94-46e1-ae57-ff53a44d31b8,4af8eec1-25c2-4227-be9b-1394f420f08b,0,0,0
4d03fd58-b12d-4800-a087-dfbf347e2625,0,0,0,0,0,0,0
4910bad5-cc2a-488c-a645-fb92c3273982,0,0,0,0,0,0,0
cb9c11de-61f1-4583-a8eb-4b7a9d89f912,0,0,0,0,0,0,0
49e0632f-b944-4e35-a03d-b97b132e9b0f,0,0,0,0,0,0,0
0070a010-95c5-494b-878f-47bcae4be933,0,0,0,0,0,0,62902865-ec7a-465a-adf4-e5a6b588824a
be8eb9ff-1018-4efd-8d78-984e50ed2365,0,0,0,0,0,0,0
dc337edd-d2e4-4886-89e7-a34ab1892ab9,0,0,5980822d-f585-4e58-a549-23adddd88277,0,0,0,cfa4de44-e4fe-4550-9c90-2ca0310baca1
6837ba08-86b6-425e-9056-45c7ae80b59c,0,0,0,0,0,0,0
62d723d6-d338-406e-a1fa-cca2747ba338,0,0,0,0,0,0,0
ee6111f6-779e-4e3a-b6f8-bbf26d0d53c2,7dea36cd-d04f-4837-81a6-e8617de8ff02,5f821673-8620-42bc-9623-e5022811025e,0,0,0,0,ca4f66c5-2837-4ba2-8dd8-de9dc46db301
882c968d-b5a1-4877-8e4f-4845ffb59ee7,0,0,0,0,0,0,0
3c5d3d3d-05d0-415e-8b19-9229f77932b1,0,a2c04a5e-cca0-4e1f-b682-9685354888bc,0,0,0,0,0
cd2b49a2-048e-4ce7-abeb-df570f2320ec,0,0,5f811f80-44cc-4b93-8382-bb028411a506,245c3829-47f3-4678-88d4-dfdc17903e5c,0,0,0
6f052687-67ef-4ad9-8c6d-fe45670e166f,0,0,0,0,d0c3320f-9654-488d-b559-39e9682ce272,0,0
5c79ee71-6991-4aee-8e50-904de5486a4b,82c3e074-742b-4faf-9f65-4844e4f871df,0,0,0,0,0,0
da4e463a-461e-4c5a-acbe-6d72ecac2119,0,0,0,0,0,0,0
5f811181-8213-427d-ae8a-8da9bc3beb48,0,0,0,0,0,0,0
2697bc03-5d16-4a51-a27f-66ff6a87b344,0,0,0,0,0,0,0
0f955e0b-e77a-4a59-8c8d-3297abca1313,0,cc9a81b6-4a0b-4035-ade0-feee7916e6a1,0,0,0,0,e5019441-cb0b-4fea-9daa-2897ceacda11
6b057b63-eb50-45f9-92cf-e8be7e1a1933,0,0,0,0,0,0,0
c5750a08-a2e0-4957-9628-b7425700ea90,77507d04-2876-4f33-bbaf-692b964f8f37,0cce7a64-eaa8-4061-8610-826c593f5753,ac4eacd9-1b97-4553-8f76-e89f8c63bc67,0,0,0,0
d015539a-55fe-480f-b96d-156382cf87b5,0,d8355096-a64a-442d-be42-06342b39288f,0,0,43c48021-aba7-47f5-ab4f-9044faaf615e,114017ae-bf5c-4633-95a7-ee385b4626d6,0
6ac5780f-598c-48e6-9684-b2504c81312f,0,0,0,0,0,0,0
08d5404b-ae5c-4e66-b7d3-b3b50958895e,0,0,0,0,0,0,0
144c41db-e6f0-4b3f-b6d1-5b6b5b2e5fcb,0,0,0,73fdfef1-5da5-4a86-a717-1ab3f05ba109,0,0,0
2e161f42-7d5a-4ff5-80c9-daa6f53f61c8,0,0,0,0,0,0,0
f6d03468-da16-4961-b622-f907e1958ded,,107f1a5e-5d9a-4a01-a9cb-d692625fc7f8,,,,,
dabc295c-96f2-44fc-afe0-7b30338e8714,0,0,0,0,0,0,0
3058f233-ea9e-4eb7-98cb-68dda69d344d,0,9929a83b-7457-459d-95c8-9c2a7f3a0a69,0,0,0,0,0
99261dfa-fd36-4e85-b640-86efcd35aa8a,0,0,0,0,0,0,0
b05dbaeb-9042-4ace-b990-4c50f72a3cfc,0,f99b68be-9446-48ba-832c-5effcdf57b1f,0,31edec5c-e57e-4de1-8d79-40670aa6b56c,0,0,0
9f9c3c5e-8bc4-4f8a-adc1-1465edc723d1,0,0,0,0,0,0,0
38e32595-06fa-4386-831e-d68ce67c21e2,0,0,0,0,0,0,0
9f7d5055-61c1-41ab-be5a-3c8740825f72,0,0,0,0,0,0,0
7a07787b-e8a8-45ac-9b8b-700328ccd167,0,0,0,0,0,0,0
54de95e5-16b1-48a3-b00b-7f53c85a0745,0,0,0,0,0,0,325f5b69-5383-48ad-a681-3c34c08e4736
152d53a2-07ed-4b5b-8cc4-ef9ab45c57e3,0,0,0,0,0,0,0
542030c6-7749-45ca-8705-44a741296f1e,0,0,0,0,0,0,0
038b9ae5-c670-4797-ae52-571c8eea95f1,d4a0516f-8c21-4257-bd3a-f1f8da417056,0,0,0,0,0,9e7e8ba0-8640-4ddb-9482-85cb056e1489
059d6c74-dbe3-4b7b-96cf-baa93595976c,0,0,0,0,0,0,0
376cd451-32f0-4895-8f0e-ce61fb413b6d,aedba1dd-ec39-4df5-9c79-1c4e6c712b52,0,0,0,0,0,0
f739b77a-f490-46b9-8809-10b986844d8f,0,0,41008cec-1998-484d-81dd-c8abeba4d339,058ba43d-36eb-452b-8fec-58dc6f91460d,0,0,0
ecb72215-6284-4876-8d89-b5ba30789ab2,0,0,0,0,0,0,0
7fee2378-ec80-4632-8309-b6dd60094fd8,75681bb3-df5e-4452-b97f-1970201fd4e8,1beab580-0ac0-4200-83b8-d23c96173e14,b34bfe2c-989d-4ba7-b774-75a4051982cc,0,0,0,0
a869327b-e950-498e-8e26-2fd0a9bfcf5e,0,b1951034-a789-498a-83b5-efc597844a2b,0,0,0,0,0
1ba25292-f62c-49c1-8d27-f6f237d469a0,0,0,0,0,0,0,0
7edc3e66-7f68-4a09-a085-5bf2b778831c,0,d43d2d11-3f4d-4107-96fd-795665a84572,0,0,0,ed99a0d1-f020-478a-80d7-012b8db92e6a,371f6e1b-1a97-4a09-8e98-1e2e62919620
060e9c82-2b9f-4547-bd1e-eb313934bc6b,0,0,0,e6ea86ea-aa69-4df0-97a3-f757d4e8b55f,0,0,0
20a2785f-94a0-474f-ac6b-284bd9366bf7,0,0,508630d1-1c55-4382-9e2a-b1a8c0638968,66f76615-579e-46e2-b6c2-9d5077de28db,0,0,0
c850db37-4d0b-41de-8e41-eb3f812a2e4b,0,0,0,0,0,0,0
ae6dfbf2-a16e-40f6-9ff8-6133fa2f49ae,aa336e6d-594b-4fdb-8787-7df8911c91c0,19ba65bf-ebf3-4ef3-b4c0-1eea67742a0b,0,0,0,0,0
bcb5569d-e16c-4959-985e-0e52ab7d293f,0f958927-f290-4f9e-a33f-748f5d6d14d1,0,0,0,0,0,0
4838e1e2-675e-4c43-addd-4bcf7cc58b42,0,0,0,0,0,0,0
942ba769-e41f-49e9-9fee-0198fe3391c4,0,0,0,0,0,0,0
da97ad9b-7ee1-4822-a788-85ede5f580b1,0,0,0,0,0,0,0
ab382c1c-2aab-44fe-9f71-7a0aa26aed92,0,0,0,0,0,0,0
3cd77292-ecb6-4d7f-b29f-d0dd14c27324,0,0,0,0,0,0,0
1133ab17-2ca6-456a-844f-e1eb40a8bb3d,0,0,0,0,0,0,0
f2fad9c5-2686-483e-83f1-977936d31f39,0,0,0,af4cdcca-05d9-4e2b-84dc-5acce4c6fd05,0,0,0
5778512f-1a16-4a77-bd7e-ac430fedf578,0,eff27728-b112-4229-88f2-7a4bc9ccfd64,0,0,0,0,0
9c8bcfc9-5b8e-40a1-9772-86dcb8eac3da,0,0,0,0,0,0,0
445269c4-b88d-4a1a-a51a-38556661f43c,0,0dbf055c-986a-4324-b732-f5edc6721681,0,cf6c1787-b2e5-43d8-a11c-015a7d686e47,0,bd553e50-01e8-4df6-b03e-e8d6225726b8,0
f43635e9-6270-4bd9-bb3f-cde1eb4e0484,0,0,0,0,0,0,0
aacbc803-7d43-40b9-ad14-da1cf55de22f,0,0,0,0,0,0,0
70347840-2dff-4d32-a47f-8fb63742607a,0,0,0,0,0,0,0
3a9f3f92-5149-4e45-a962-97220c43a1cc,0,0,0,0,0,0,0
f4c9d531-837c-4977-ab52-3201a9ce664f,0,0,0,0,0,0,0
0a8a43f0-000e-4a88-9874-d13926e71eed,0,0,0,2506c1b4-57b4-4d45-805c-f29463b5e123,0,0,0
225ccf9c-41d4-4a1d-8316-a50397a1776f,0,0,0,0,0,0,0
882c60eb-2ae9-4c38-915f-92fa3394951e,90d8e6fe-d090-4d58-b6a3-d2b5071d6bb8,0e4cb6fd-710d-4b74-b4a7-e211b7c7157f,c3e1d34e-565b-4ec6-b208-d250b4346ae8,0,0,0,0
0a1f8e69-4020-4dad-8a4a-a3925e7d03ce,0,0,0,0,0,0,0
07ced535-706f-4e45-9cb9-26e0850855ed,0,0,0,0,0,0,0
55bdb9b5-9d23-491b-98dd-8525839f225d,,,,,,,
22003f66-9161-4304-b2d2-6b3dc719b353,0,0,0,0,0,0,0
38d44e17-8ce7-4c52-a3fd-fa23fe26a942,0,0,0,0,0,0,0
df57d176-ff32-4323-ab01-7be0c44435f5,0,0,0,0,0,0,0
9ef6ec94-22db-42f1-adec-3dbfa75ad592,0,0,0,0,0,0,0
894b94e5-4b69-4495-adb6-6d356f2a15ce,0,d92a6f8b-cf61-4ccf-a55c-0cc43a1079f2,0,0,0,0,0
554bc650-de83-4db6-ad33-e74e8950d1e4,d0fe55f1-daa8-4d4a-8924-60acf5f53f31,0,0,0,0,0,0
1b4ccd05-d381-4acd-9a01-5001e177af45,0,0,0,0,0,0,0
43a799f3-03f9-401d-b71e-ece6c27fd2ff,0,0,0,0,0,0,0
88f4d7ea-101e-4faf-93ab-94215455a220,0,0,0,4cc6fae5-0e4d-43b2-9161-df640fd87e4d,0,0,20a34e3d-7620-4480-b018-76369d46f507
6275c23f-0325-4e4b-a505-c0ac90bdf364,0,0,0,0,0,0,0
c94d0f45-43a1-4653-9c13-3ccd1c5945f1,0,0,0,0,0,0,0
b4c949fd-a94d-49e1-997e-659ac70f6081,0,0,0,0,0,0,0
027f706e-bd89-4b8e-861e-c9b0f3c21779,d8ebd6af-c1bd-488e-abf9-e79995c51195,ff8a8488-f7a9-4bf7-9b62-b23727a9b424,fdc16816-9281-4dc2-8c49-8312a55a9894,1d3f5327-6f23-4e6e-a4ee-57eb999a9bf1,f133f6b0-5006-4ad5-978f-c083cc4c6028,e64ded00-48ca-419b-b3d7-a919d9178db3,0
5f2a04c4-4825-44b1-a0f6-fdd99fed8df2,0,0,0,0,0,0,0
81a0832a-6b8b-450e-b8ff-0802b702c973,0,0,0,0,0,0,0
9665dbf0-9144-4a8a-a079-8d2411e5b6e0,166ff34b-b594-402b-85bd-660c5b9efcc1,0,0,0,7c0f1de6-74bf-4ad4-a92f-7d71425a1914,75080b7b-ef67-4560-a26a-b1a275c2948b,0
c6593047-e70c-4bd2-a82e-c0ed8f250269,0,0,0,0,0,0,0
e2b92142-0b63-4f83-a618-3563253427b6,0,0,0,0,0,0,0
958da49d-7a63-4448-9f18-f0845c715278,0,0,0,0,0,0,0
096d7663-cbd1-446f-8c85-6760d22b7599,0,0,0,0,0,0,0
4f74f192-299e-4ef7-a3ca-28afb731cba9,0,0,0,0,0,0,0
182940a3-51d2-4bf5-aa13-e4d5e3770660,0,0,0,0,0,0,0
4d771274-5f0e-4df4-a0dd-728951e700dc,0,0,0,0,e4bdf9a3-8504-417b-b2e0-75f7208691d9,e3d48067-8abb-44a2-aa20-8b7f86cde4b4,41cd8112-63df-4e9c-885f-bcd86587c4b8
fe2c34eb-b44c-4b72-8a6c-dcd9aaedf162,,,,,,,
4184f086-d263-4cc3-8466-cb19af980b3c,0,0,0,0,0,0,0
25226e95-c677-4537-9acb-11e2f96b1647,0,0,0,0,0,0,0
34cf8a86-8ad8-4a9a-b8ca-0569b43de2db,0,0,0,0,0,0,0
754227fd-d267-4750-a6f8-59914f8d95fd,0,0,0,0,0,0,0
842fc4ff-b773-4eb6-b179-0452a7ccce01,0,0,0,0,0,0,0
5848c75a-8328-4eda-8531-e66690b66a30,0,0,0,0,0,0,0
e5612753-39af-4bbc-80ea-d6e9da2c80e7,0,0,0,0,0,0,0
f74c12e3-3d4d-43c8-89a7-57431146438d,0,0,0,0,4a96d485-57dd-43ab-9174-015621bbef69,0,3f6e8c3b-31b4-4451-be0d-21a060fe2a98
f4d59bf5-745e-4714-91b3-d8b2bea1cfb8,,,,,,,
2683aaaf-fd32-4b1d-8446-34b85213b0ed,0,0,0,0,0,0,0
b45e6e65-2243-42a6-870f-e94cc00e0c19,0,0,0,0,0,0,0
fc6e5974-2c14-407d-8272-71c9c95e8faf,0,0,0,0,0,0,0
07880a7e-e71d-474e-9919-a5d0401ffd8b,0,0,0,0,0,0,0
6d6a1450-94bb-43fe-9ba1-d517bc6f8f3e,,,,,,,a14358c0-e8ba-4cab-a916-0acd2d1b8359
c85d9111-5376-444d-aadd-6959fe11f72d,0,0,0,0,0,4ed07b36-a068-4652-b866-55aa941bbaf1,0
beb70c0a-8a4c-4c39-b220-46b5a16cdb8c,0,0,0,0,0,0,0
9c740bf3-dcaa-41e7-8783-c1658f369c19,0,0,0,0,0,0,0
3f98aa20-3786-4f61-a7c9-41c3a480f734,0,0,0,0,0,0,0
2690523e-72c8-42b2-be66-91a61c5ecdb8,0,0,0,c53b4fac-4ed9-445f-a726-904bf03b262e,e62060ab-0c02-486c-ab48-d68cae45ce8f,22c572c8-86d9-4b3b-8393-a700cce427cd,0
614ce062-e09d-460a-914c-052afb1ac6c7,0,0,0,0,0,0,0
19058774-95fa-44a4-9dc3-ba8c1bf54c5e,0,0,0,0,0,0,0
6ddca2bf-663f-49bd-8a02-b21e9b7d192c,0,0,0,0,1157372f-dae8-45d3-97af-b8f60a6dfeb3,0,0
780320eb-cec1-4f3c-a538-c357426b7aa3,,,,,,,
5c966e30-cbd2-43c7-828d-7b4540dac274,0,0,0,0,0,0,0
9ec7097c-39ac-42b0-8135-3817ce8b581f,0,0,0,0,0,0,0
699c86a7-cbbe-46e8-812f-57e9ea7822ee,0,0,0,0,0,0,0
8668ecb9-4abf-444b-9de0-2e935e2c6966,0,0,0,0,0,0,0
991d5e48-971c-464e-997a-a0772b47a4e5,0,0,0,0,0,0,0
7b9c9688-ba56-4cd6-a084-2b90bc07ced4,0,0,0,0,0,0,0
7515fd4f-80d9-4d0f-80d9-6dce3911972b,0,0,0,0,0,0,0
c650c468-2d0a-4c47-910c-131f0ad077e9,0,0,45264945-a0e0-4a4c-8b04-1929f886bc94,53d9572c-7539-4bca-8b0a-eeecd07c9b1e,0,0,0
3a5c1bf9-6e93-44d8-8b3f-3b25e7e8e155,,,,,,,f426834a-bdf9-4485-b9e9-798831feee61
df2bdeae-e905-417b-927e-c915edee287c,0,0,0,0,0,0,0
d604559d-1c53-4314-b5d8-f8d24caf1c9d,0,0,0,0,0,0,59fa0ea5-a55b-4738-9fdc-e6a37cd8d2c7
32db5c41-cb6f-4836-8db1-aa6824536274,0,0,0,0,0,0,0
f11566da-401d-4b0c-9954-65f8b4b96cc0,0,0,0,0,0,0,0
bffe873c-6ab4-44b2-9dbe-7711388e05eb,0,0,0,0,0,0,0
51549a28-0c34-47ae-8b08-a13cc6820b79,0,0,0,0,0,0,0
d2584afb-c40b-48a2-8c1d-ddb6c7f2e26b,0,0,0,0,0,0,0
78684f18-9f18-40ec-8737-2c89671fd73a,0,0,0,0,0,0,7c6464c2-3b5e-48e2-9393-83d86c0a1b50
a93794d4-f12c-4508-bcec-b79097d8b5de,0,0,0,0,0,0,0
1c7e7828-93b6-44b9-86da-4b955c71b29f,0,0,0,0,0,0,0
3916362a-8875-4f22-9dbc-fefcd9e08cb5,0,0,0,0,0,0,0
22646d9c-ddb7-4170-86d6-d54993e70a20,5d411b30-ddbd-475c-830f-89b6694ccbbe,0,0,0,0,0,0
9cfa8cef-6b6d-4908-8a49-26dc32ae9cc0,0,0,0,0,0,0,0
f587af14-eb99-4aa9-b0ac-b9de7fc72a10,0,0,0,0,0,0,0
5940cff1-e2c4-40c8-9653-d01417856d82,0,0,0,0,0,0,0
596663de-c258-469b-a183-99d517ea29af,0,0,0,0,0,0,0
f7c8fe0f-e105-4225-830b-18b9c049b030,0,0,0,0,0,0d4f797b-9297-4523-8216-971e0d4c1c35,5ac795dd-e0d0-4639-8447-3224369d6390
f933b4b5-3a06-4015-b23d-ded0d4dd8f70,0,0,0,0,0,0,0
40059dcc-b717-453f-80cf-90aafee63127,0,0,0,0,0,0,0
bb7965da-eb3b-4807-a947-5f3291f4a4af,0,0,0,0,0,0,0
1f0559e7-d494-4404-8d53-e093ba2091b6,59a9f42e-ce2b-4166-a1bd-6cedfb066459,0,0,0,0,0,df15f110-52e7-4b13-9a26-d1ad1a8ffac0
2e367eb2-c546-4db2-b71c-c3446b63889f,,,,,,,
87953131-c0eb-4469-993e-1ae074e9d99a,0,0,0,0,0,0,0
c39dc71f-10e9-49de-8ee2-d4327dbf23e4,0,0,0,972fb01a-0c98-41f4-895d-38f69e9ce706,0,0,0
bf961439-ab47-47bc-a3f0-b1aba8ffaa4f,0,0,0,0,0,0,0
f2b74a89-ca18-4500-adf6-80d04d21fc35,0,0,0,0,0,0,0
f523c8d4-fe35-45af-b9bb-af9f411feac5,0,0,0,0,0,0,0
348549ff-4830-4c4f-906f-90a84e1cfb96,,,,,,,
b912402e-627d-43e8-83ff-b7604706a5c7,,,,,,,
2ee6f921-269c-4977-a1d9-f59d1efb3871,0,0,0,0,0,0,0
b20e073f-f317-40d8-9bfc-6b873e64ed9d,,,,,,,fa40c0ab-7884-4ed2-953f-66cec8018180
9db877d6-295c-4dd5-a43d-542c3d5be25e,0,0,0,0,0,0,0
09e133c1-5f81-4792-bbad-8cb3e30d75f7,da8b2d0a-8483-41e5-b7e4-11a3205a14cb,0,0,0,0,0,0
9a568f0a-5ac4-4223-ac0f-aa40b9e80213,0,0,0,0,0,0,0
10c365ee-4888-4527-9734-cb36708b07db,0,0,0,0,0,0,0
425a6ac5-d811-40b7-9185-7d147553666a,0,0,0,0,0,0,0
f2a37e3c-43fc-4c7f-b62e-fa7e491f1625,09a50e23-4a5f-4f86-9d71-211a1aaa5de7,354ebb34-c7aa-4b97-8bda-61c24d20e60a,0,0,0,0,0
bac90b1c-9d1f-444e-b04d-f4cc4e6c80ca,0,0,0,0,0,0,889af851-29b8-4ae4-8e3f-85027f917f33
5bfcd9d2-d3b3-4a4e-8854-f47050e0049d,0,0,0,0,0,0,0
15ea92fa-f9d6-43b6-b2aa-3d58139d18fe,0,0,0,0,0,0,09020c5e-156b-4eb1-bfe1-c6840b971c91
66cd6c07-45d5-4a4a-b7fe-a171f5c6f3d1,2c9fa8f3-5715-4df9-9243-75a715f56399,0,0,0,0,0,0
034f929e-3ec9-4e3d-b7aa-ecaf4ecab4a7,0,0,17f5f9bf-5eea-417f-b7b5-aabb93b80ed9,0,0,0,0
9c93bcb5-03c4-4b75-9138-70659d32544b,0,0,0,0,0,0,0
c9a47e3c-2575-4575-a2c0-869a98cdfb6e,0,0,0,0,0,0,0
3fb949ca-cd80-45b2-b7c9-d450ee2f2c6d,0,0,0,0,0,617fcbc0-c472-4936-b6d5-2ccce14275f4,62464558-f7c2-48ed-bc53-046de160df4f
1b463e1c-9190-4275-a39c-d694eb42d636,,,,,,,b89468f9-788e-4efc-bdf4-98161c370ab7
37fe2046-8028-40ca-bf77-c2e2ef611671,0,0,0,0,0,0,0
068816e9-c598-43e3-a324-2e79bbdbe25f,0,0,0,0,0,0,0
dbd26126-fc61-4fc9-9b3c-a62dc1032abb,0,efc1b468-353b-4f79-bde7-2f312c896909,0,f0d02e6b-2ada-4bb3-8b42-78df7c1df931,0,0,0
4c0c6ec9-0e5a-4f30-840e-2a2d3fa0cec7,b904a031-5a07-4a78-8c9b-fbb59620e830,0,0,0,0,0,0
e9ab9272-e5b4-481b-bd81-0fb25dc0b5b0,0,0,0,0,0,0,0
6be8ff21-edc3-4956-a1d7-cc2f1fa14be1,0,0,0,0,0,0,0
e46163a4-30e2-41c7-8054-98d8f37e5c4b,0,0,0,0,0,0,0
f7ede4d2-d0a3-43eb-85be-c35ea589ea7f,0,0,0,0,0,0,0
4e4e3842-c27a-4cbe-ad68-9e502c5dd11d,0,0,0,0,0,0,0
6338abc5-9a97-40c8-9e13-b7de1a2c5852,0,0,ac3b3c64-e2cc-407f-b897-b70e111e127d,0,0,0,0
ce8c001f-8bd1-4a19-a7b6-170cce6dda6e,0,0,0,0,0,0,0
cbf845e6-0b18-4153-a87c-a916cef54fab,0,0,0,0,0,0,0
b661c685-8e84-46d3-8c88-4bebf01edacb,0,0,8f656969-838c-427c-b68e-16afdc9b6792,0,0,0,0
35ce64f3-76a5-4b65-a8a8-88324cbb95a0,0,735fe32f-64e3-4114-a7d4-e9d7c04b07ba,0,d1e2dd9a-2463-4026-ba70-4e6786a1d907,0,d090ed6b-5f33-4300-8642-cc5494760127,53aa0f9f-4cef-4edb-a519-d3a60bc202b0
30f4c88f-c2da-49ec-9671-a7e2c7cfda2e,0,0,0,0,0,0,0
df78699d-0f0f-4bef-bbc7-dcbcc926fcc2,0,dfd72465-39d9-4006-968c-df4fb847f5e0,0,0,0,0,0
be862e4d-289c-4650-ba61-f39180d99712,0,0,0,0,0,0,0
128ebbec-59a4-431c-9473-fc011f0210ca,0,0,0,0,0,0,0
e95ee218-3881-4f6f-9cf1-f246adaa09bb,0,0,0,0,0,0,0
7a26311d-8b44-4e46-8394-648dd973f574,0,0,0,0,0,0,0
3ff4b9d3-b10e-4aa3-84f0-1a6aa8359585,0,0,0,0,0,0,0
ae73f483-7e7c-44b4-9822-6a370e265de9,0,0,0,0,0,0,0
5a5374a7-d466-45ef-86bc-efe0458af6ea,a446ecbf-81da-4cf7-a31d-59b82ba2ebc8,,,40f2a022-5304-43ee-a9e3-1681bdf3b808,,67559e4c-4e3e-4a85-b07d-b8c691df597b,a953587e-a48e-4b6d-9fe3-8db92bd0edbd
7b3bfade-28f1-4919-84c3-446c6da70ba6,201986c4-1e2f-4f16-b6aa-e93aa7dfef8b,0,848edf94-e60a-4bb8-bc30-dbfeb1d32da3,0,0,0,0
ff07c9fe-4a19-4305-beb1-c98347370fbc,0,0,0,0,0,0,0
b4bfcf5b-a2f7-4a22-ba3d-6acacb40d59a,0,0,0,0,0,0,0
1c199a57-3098-4df8-bdac-264d8eab6968,0,6853b577-f215-4dea-a7b5-9423b6bad22f,0,0,0,0,0
78a786cb-976f-421b-8fc5-101cd371de99,0,0,0,0,0,0,0
d16c1055-642f-4853-a97c-5c7ed1baf76b,8af91b3e-eadc-46e7-8d90-4d3f2c5e70a4,0,0,0,0,0,0
75ff695e-964e-4d8a-bdb5-fbc0a6c5e540,0,0,0,0,0,0,0
63db9012-b8c4-42e1-8d9b-20a6784a5bcc,0,0,0,0,0,0,0
ba80cc96-10c6-4a81-b064-939b49818c4e,0,0,0,0,0,0,0
d272b768-d040-401f-b3e4-f6f70bce1896,,,,,,,
bd91ccd3-b983-4477-a300-f8916dc45c1d,0,0,0,0,0,0,0
f941dc57-006f-47b0-99db-c265d31e4139,0,0,0,0,0,0,0
c1f966e4-2396-4607-bf7c-638fe4f68399,0,0,0,0,0,0,0
b5a2c34a-55bc-4845-8a76-6e98db66aaf8,,,,d89921c1-3023-4420-a264-415b26c031ba,,,c208d6d5-36f2-4c83-ad4f-2da917dba433
f5e951e4-ab9a-4e8e-926e-94d26bcdc5cf,0,0,0,0,0,27f6e1d1-aa62-436e-a3b9-3fc38290d665,1f44990f-aad5-4d88-804b-24734b55392e
7e16cbd6-a99a-47cf-80be-c703c8124708,0,0,0,0,0,0,0
a200a385-ff70-45dc-9adf-9510a1987cca,0,0,0,0,0,0,0
f322dcd3-d294-447d-b40f-2293fe1d3659,0,0,0,0,0,0,0
a89a85f1-3fa7-4d38-9d21-19044982d2b1,0,0,0,0,0,0,0
72debb8c-1ea0-453a-a93e-e127a262ea06,0,0,af632bac-93c8-4c0b-aeeb-12f88d63e520,0,0,0,0
9a80a623-9382-462c-babf-009110a1d804,0,0,0,0,0,0,0
11e6a9b3-c9bb-4074-99b3-ac719ffcd1ff,50203933-01bf-4f98-8d24-8b89ea02c7c3,0,0,0,0,0,0
3f6bf04b-f937-4506-95f6-85d35ea6d738,0,0,0,0,0,0,0
5f107b8f-94d2-4c95-b3e6-3a4bcc5183a9,cf1c279b-176a-4968-85b4-39102c002ad3,da24afd5-3d19-412d-a367-f98800db817f,6c170f7d-41d0-4d14-9478-49545e060902,727e1d23-433d-471f-a035-638f87e6b943,f80b2fe6-907c-4b82-b3c1-2c229eacdb0a,c6ed93d4-fc21-44e3-a706-7885120d4741,0
51735582-57d4-4609-9d86-1cda1d9e0e9a,a7f7e718-3f7b-4c68-9a1f-08602e4227fc,13dfc513-a680-4632-af70-acde6a245fc4,0,0,ce37b7e4-93c4-4e77-b5df-536dc2f53f25,b408efb1-dad1-4d9f-8353-b12a0239ac83,fa129b54-93c2-4c01-b30c-de89df5f04bb
45cb2079-73b3-494c-9438-bf437bd0cd3a,0,0,ae391ebb-8e00-41a1-8f64-5f90fe3706e3,3a931c20-727b-47ab-9bcf-ecf8ffc675de,0,0,0
c090169c-1d66-4cfc-9e3c-50a809591626,0,0,0,0,0,0,0
863b8b33-da71-4a22-a68f-4a676e39cfbe,0,0,0,d1400ee3-8a88-46a5-8d2b-6cbb9bee4021,5d52ce45-df2a-49f2-ad56-3532abba5c05,58c54890-8ba4-4335-9dc4-f17e06063263,02c9263a-c247-425f-992e-20cdabe647cf
975140ad-4162-4d88-9951-a5d17284eb9a,0,0,0,0,0,0,0
0748c729-9d48-488a-b224-f6bcec262442,0,98c71b65-c6e4-406d-8d3a-7ff4786498e1,0,0,0,0,0
34309755-2f23-4ca1-9364-121e9c9c13cb,0,0,0,0,0,0,12d68ec4-502f-4a0a-8ffd-27aa3c004046
e9b0c3df-1659-4ac8-9f43-9e5e5f4c3b9f,0,0,0,0,0,0,0
5872f0ee-2ff1-41b5-bacd-7779d34bbb7c,0,0,0,0,0,0,0
10dc64f5-8af5-40bf-a626-55a2c00a913d,0,0,0,0,0,0,0
9b5c6aa8-437d-4ea5-8464-315a27f9d6a8,0,0,0,0,0,0,0
24f986b5-187e-42fc-b67e-0727cdea5e21,0,0,0,0,0,0,0
262f94d5-8c95-4f3c-b275-61d230450b40,0,0,0,0,0,0,0
13fb6723-9762-460f-95e1-0da7c5a12f52,0,0,0,0,0,0,0
ff20b3c0-b8ab-433e-9c1f-cfed10f20a3c,0,0,0,0,0,0,0
db9735e9-0aa8-4c6b-9ca7-96843efe0c93,0,0,0,b0bd16cc-41cd-4e30-89e1-16dd186e740e,0,0,0
3b57f89c-3f4b-4557-8410-ddaa82637220,0,0,0,0,ecc92348-080a-4212-b39c-115305ddabde,1fff233f-0aae-4515-940d-3037fe455415,d4560605-25dc-4dc4-b12b-bbddd74188ad
be442317-97c2-4b63-9acf-bdfd85f186a0,0,7c1d2a95-e79f-4537-8df2-35eb0e0bfa9c,48c6f374-a3a0-4ee7-9ba2-dc413b71b388,0,0,0,0
36f830c1-9a7a-481a-a77e-18c2d9ee15ac,0,5316b08c-f792-491d-b381-442617735f35,3398dec7-e399-42f8-88de-b1a516c4d844,0,20d73d9e-abf3-451c-bbbb-c790c7cf77eb,0,c1dcfabe-c120-4210-9114-091e14ce3760
d345a6b6-b95e-4f35-9cda-66e75badb7a9,05aefeec-431a-49ec-ac75-1e164553e3d6,0,0,017db11f-cea3-488d-8921-627d60caf49a,b07096a7-da80-41bc-ba8a-7a8ba83d5031,f93d504a-7965-44f1-950f-b0fcfd916604,460ba72f-335a-4acf-9fec-d7dca9a7dbc0
f0f9f809-0819-4a12-9a7e-8ff31572a1e2,0,0,0,0,0,0,0
4d8254ad-1246-42a6-bfb0-11b7e40e413b,3ad6c67d-d4e3-41c9-86dc-e7e07d64926c,0,0,0,0,0,0
984c1545-c22b-490a-93d9-8873b3a08adf,,,,,,,
3e36642a-c63f-406b-9e10-b70b4ace2d69,0,0,0,0,0,0,431429d5-b0fb-451d-b200-c01d6353bd40
80639f64-eda8-42d2-9710-8b3778d23b1c,,,,,,,
29811e34-265f-48ce-b2a2-7b2cb3597648,0,0,0,0,0,0,0
86812052-266b-460c-92ff-f04233f4e8ae,0,0,ffd4c7ed-cc92-4e9f-bd24-35a5c81f9782,a02d1de7-82bc-44dd-b57a-3ea40ef4e65e,0,0,0
4523a524-b894-4057-8f68-05512da79c5d,0,0,0,0,0,0,0
667004f6-2829-40a8-b1ab-79c5343e5fd3,0,0,0,0,0,0,0
5a3094e9-5f78-4caa-bc21-23cefc0d0afe,5ad93187-805a-4b9e-8fa6-b9532ed3e1a4,0,8e455782-1da2-4e68-bf77-2346f08435af,0,0,0,0
14ca1c76-ccbf-48b7-aa3f-d0276cb0e0dd,0,0,0,0,0,0,0
d5518e94-d024-4dec-a5ae-7ce30ef25743,0,70b5a7da-c145-4678-a58f-a2fdaf7be301,0,0,0,0,0
c1044c8f-4f99-4056-8d6a-c0ada8f65bb8,0,f6b787cd-1db6-4d45-bca1-6be227385b0e,0,0,0,2c268864-b039-4aee-95f2-281c6923bbe4,0
25f791cc-a5a6-4cac-8b69-586702af957d,0,0,0,0,0,0,0
d32da59a-43c2-4478-a9a0-70e724acc75a,0,0,0,0,1638dcd7-8563-4203-9421-89f773714f26,c9cd7e4a-b52e-4b78-a8d2-788b2c07187f,0
0f215e66-e989-484c-a456-e2c06e807d29,0,0,0,0,0,0,0
e74bdf25-8684-46f9-879b-4c756f8408c8,0,0,0,0,0,0,0
e320b2dd-c3d6-42e0-86cf-697ea8b1342a,0,0,0,0,0,0,0
66734d9a-3068-45b3-bf5a-b81cc4fc86fd,0,0,0,0,0,0,0
bd3d76b8-8795-4321-85f9-39a8397e5fdb,0,0,0,0,0,0,56eab5cb-e370-4e78-bc07-488e12bb98ac
b9f54374-667d-4707-9e63-ca4802154f9a,0,0,0,0,0,0,0
83573cce-0fe4-4200-8119-aa22f0657622,0,0,0,0,0,0,0
a25aa1c3-6e88-463f-a532-e5c6741cc6e3,,,,,,,
72f45121-bf7c-4972-b941-7ccdaa076356,0,0,0,0,0,0,0
e7a5873d-e2ce-45d0-bbd3-f3a37575a672,0,0,0,0,0,0,0
ef3de685-4c13-4560-bd49-e6060f9ea86b,0,0,0,0,0,0,0
132ae07c-5a77-4646-b439-efb23e4ae3cf,0,0,0,0,0,0,0
d0a713b3-1211-417a-b221-1b2679230679,0,0,0,0,0,0,0
5a95a497-6a8a-4c1c-99bc-92d74e20921f,0,0,0,0,0,0,0
1150b070-051c-4757-9539-0b085a4551dc,0,0,0,0,0,0,0
dce72725-aec6-495c-93a4-88fa5b2ddef5,0,0,0,0,0,0,0
1305f2b9-18f3-4e05-964c-000407d6dc88,0,0,0,0,0,0,0
162dd12d-330c-429f-a3e1-12661ebfb5c7,0,0,7dba7385-9ba2-4eb6-993a-085b2382504b,0,0,0,0
9e9a798f-92a8-4846-9d34-e04ab3e820d5,0,0,0,0,0,0,0
06d84519-d68f-4037-a943-fb10361b023d,0,0,b15cbdb6-75b0-4771-b4aa-b6c4c583fd12,0,0,0,0
9b132499-96eb-417c-af3d-9f364172ef33,0,3e161dc1-3e43-4546-bb44-6bd275ddb6fc,0,0,c924886a-24ed-4c39-b156-ab79488aea51,6c9380d5-3cc2-43fe-8f75-7cc385650c91,42ee596e-0136-49a1-986e-893bc0b50a42
ce2548a3-47f9-4e24-9ac3-3cd34805290a,0,0,0,0,0,0,0
b8008c1f-9c21-46e9-9d45-6ea226c5cedb,0,0,0,ca0f1fdc-420d-4444-b04a-e2556a3e39db,0,0,0
0b1ef52c-4497-4de4-b606-305b2ee1911e,0,0,12546b06-bf04-4378-83cd-f88289e5a537,0,0,1584ef21-c092-47f8-8c88-682a2189d509,0
6fe92b26-ef10-4919-bcff-4e47c5cf763c,0,0,0,0,0,0,0
c842ceb4-a74b-43d4-8441-3adbbd4daf8d,0,a44a4fef-7687-4ed8-8561-a2e69f15754b,210dc404-35a0-4ce9-b7ce-aa89f51b1b0a,0,4af5015c-7d23-4d91-95c7-a97e68ece93c,133b9b78-b70a-4473-a740-5c4ad02e4771,0
77b9faed-deb3-45be-b880-9d6ca3727a53,0,514af25d-9b07-49cc-b90d-f21544be5120,0,0,0,0,0
9cc8f7a4-28c9-4e3e-9a03-b2d78ab4f09f,0,0,0,0,0,0,0
17ee2a1c-5789-46fb-86a6-6e248f4beba9,0,0,0,0,0,0,0
e600a80e-b8d6-49d9-b528-d9186c22fc1c,0,0,0,0,0,0,0
be73a1f9-62cc-470a-955b-094c4b734938,de947664-d100-4904-8e46-a761b5f375e1,57009331-e59c-43d9-9cff-4ad5766e420e,0,0,0,0,0
d27344c5-c1f5-4d13-b79f-057b14a0a360,0,0,0,0,0,0,0
a8467bfa-1f5e-482c-96d3-0e2206aa81c2,0,0,0,0,0,0,0
a406bcc7-0efb-4c7d-af97-eb24246d24bf,0,0,0,0,0,0,0
45897c9f-51e7-43fa-91a0-e7e89e29590e,0379d2d6-e48d-482d-95cb-2c6ced2790a4,0,0,0,0,60b7898a-ef3f-4a6c-b1f1-c13c8cbde3c6,b730328f-8603-4bae-a756-4902f32a7a7b
a2e88552-9cc0-48d5-bb3f-e39cc0006313,0,0,0,0,0,0,0
44e3ec1e-f40a-445b-9edb-7994fc4d08d1,0,0,0,0,0,0,0
ba02de58-64f6-417e-a6f2-6cae49ac3827,0,0,0,0,0,0,0
9bb7e86c-ca97-4f53-a349-ebf4a118342f,0,548bd4d3-0864-484d-8fe3-759d60b0dde6,0,0,e4100113-8eeb-48f2-87ec-cf843804b488,0,0
f47dbe6b-1428-4bb8-a017-0a0062785ed9,0,0,0,0,0,0,0
9a0fe706-c6f5-4caf-8916-9455700a81f6,0,0,2c31f925-469a-458d-937d-bf34059d3071,0,0,0,0
aae5bfb3-9a38-4bbc-beab-32ec07e1fd9e,0,0,0,0,0,0,0
1342830d-e087-49e6-8266-71ea278355b2,0,0,0,0,0,0,0
e742eaeb-ca3a-4b61-bf87-186aec8dd672,c1ec6e9c-8ff1-4566-b9ec-a32b8c5e4f02,857b90b9-5d24-451d-bed1-84bf76accb79,2573faf6-39c3-40a4-a7f6-9734d3ffe3d8,5abea0e0-f1f4-464d-8cd5-58d9504f19c0,0,0,3ea51eb7-2885-4245-ad90-4253f5531a9f
c73c73e4-aefa-48fd-aaa7-c2abdae3aaf5,0,0,30ec4de0-7eed-4335-8dc7-be8f80b94045,0,0,0,0
abf8bc80-06ed-4fbd-95f5-69aaea242fe5,0,0,0,0,0,0,0
1d87e7f7-723f-46eb-b9b2-cb5b25a489c0,0,0,0,0,0,0,0
1605a183-1c79-44a6-905a-aab6d109bfbf,cb100b87-3202-4028-8b18-846195765a4b,ad3975ab-4ac4-4e63-ad27-4e086e7f3dfe,0,0,0,0,0
8a9a733c-f36b-49e9-8da7-aeb884293d92,0,0,0,0,0,0,0
52af26bd-dc00-4812-8766-f2e791d62a50,0,0,0,0,0,0,0
e11b2048-5a29-48e1-a059-a87797a18ebc,065d4807-4a5d-44b9-917e-59fb0c972f04,0,0,0,0,0,0
b7f16ea4-7f50-4d2c-bc48-46cddf0984c0,4b4c42d5-d1e1-471d-b44a-71db6cda4721,917ef18d-2d48-47d1-81f8-f316503cc245,17420786-7655-457e-a22c-2e23f14dfa2c,0,0,0,d23f466e-834e-4938-9807-e0307bde6118
03720287-a239-42f8-9919-ba66747271b4,0,0,0,0,0,0,0
85c71873-b209-4b30-a592-5054413b6d84,36d488c1-f5b4-41e1-9a15-87762a3107c8,3870d03b-aae8-4e6c-8c61-5c62fcb4213a,0,0,0,0,f57c5f18-ec1c-485f-b327-22c87a301e17
d99dfb84-5486-422d-9698-cec02a5bb71a,0,0,0,0,0,0,0
8963e59d-8ccb-4992-9834-7904450120e6,289e2b38-2210-4cfb-b616-b58bf0369ba4,0,0,1e18c496-7815-457f-b027-f687d77ff3fa,4614d6f1-1f6b-4fab-863f-0b42bbb79440,c8739cfc-d2d0-4231-a5f4-cd2aa4a5ee70,0
5b901c7f-6de6-4051-897b-d2366f5d92a6,062a7922-4cb2-40d1-bbf1-db2ac9427c27,77e3b280-faac-4a41-9d19-34abdebd8a71,0,0,0,0,0
5587d72c-15c0-4308-8f8b-9afe523627fb,0,217d648b-ed0b-4645-9641-cb664838b094,0,0,0,0,0
ecefbb5e-f81c-4380-9c13-97f27c06954e,0,0,0,0,0,0,23296c38-0030-4ce4-90ae-8a7bc7663bd1
649863b1-2207-4d30-b4ac-c4b6ed484d62,0,0,0,0,0,0,0
d3b6ad54-f464-4c7c-ad22-703c699ae5ec,0,d9053861-423e-4480-9f1d-9d927213072d,0,0,0,0,0
d146e8d7-4e0f-4814-ac83-2b1b419e9ff6,6d026810-07d2-4f54-bc90-79da2bb4c60e,ee809241-2c72-4dcf-9d1b-5cf673097a92,e5bb105c-7e5c-40ce-9253-e3b306eaafba,0,0,0,0
735704b6-f5af-4d0c-a9d3-b670fe3c7f1a,0,0,a8c0253a-d62b-49ee-9564-130901b09c01,0,0,0,0
5d96f568-3e37-48b6-8260-670cb82e6eb2,0,0,0,0,0,0,0
2c42f683-4123-446b-8d5e-53abbe613dcf,0,0,0,0,0,0,0
5950c892-4752-45e5-b553-a61967bac1ab,0,0,0,0,0,0,0
b5a20b56-13dc-4707-a4b2-f381927d863b,0,0,0,0,0,0,e03a22e6-33ec-4aae-9214-691829dabfa1
a760c277-aa87-4a25-b811-a6476503acf6,0,7d937b4d-9d31-4da5-8eee-50d6274bfbdc,e3e5bce9-cc9c-4419-bfb3-dd01b679f5b0,0,0,0,0
3b05d8a9-6c34-4508-a0ba-a8dec0354501,0,0,0,0,0,0,0
e5999686-9288-4e72-97ab-e6d40c91d8a8,d5269d54-3e49-4222-aeae-ef71afa22924,0,0,0,0,0,0
479223e8-2444-4c90-af1b-276047066bd7,0,0,b3d582e5-ca9e-4ff9-9c56-d825f23ca9d8,0,0,0,0
273730d6-1943-4988-a03c-636b744e477e,f2396847-1140-445f-9a9d-df8dfd30b46c,0,0,0,0,0,0
01e4fc21-05fd-4289-aa17-8b6f1ecbaff1,048aea51-16ef-43d0-a5f8-f5e6c78dbaf5,0,0,0,0,0,0
643295da-0a57-457d-a6b5-84b4248020cd,0,0,0,0,0,0,0
9599e4f0-ade0-4f0f-9474-79522540b795,0,03a43aa1-9184-4a5c-8b04-aebffdcb762e,0,0,0,0,0
05f4d08e-e2cc-4597-9964-96bc3fd9c799,c2a1d999-5431-4bea-8541-edd97b8f928c,0,0,0,0,43ab5a37-efa5-4735-b1fe-210d4fdcc141,0
40243318-45ae-459f-bc19-1eb43598bdd9,0,0,0,0,0,0,0
f555e6f4-e30d-43b2-acbe-e2c3fb4c4cea,0,0,0,0,0,0,0
8af6ff33-381c-4847-9fb2-cbf949fdb090,0,0,0,0,0,0,0
e9ec51c9-fd81-4b03-b3b2-0a3b1f16bfc6,0,d217d0ec-f703-437a-9c4e-fd77b3a1a15a,0,0,0,0,0
c9f7df01-abab-4555-a88e-26b323912bb7,023da3e9-b981-4c8b-8b23-ade4e7ae002c,0,0,0,0,0,0
f86ba14f-22b0-4492-9aa4-6234cced8e8a,0,28f0e05e-585e-4cd7-b3a1-f0937c917292,0,0,e5471b7f-3f19-434d-b749-6cedb447afc2,0,0
ae3acdb6-5195-4db8-8ac8-0815234d7f33,0,0,0,0,86205512-1e5a-4967-a436-2bbca459d9b8,c563fc24-f617-4877-b5f3-7f81fc2dec6b,0
a9f0a007-62eb-47ab-b1bc-b893208a1c06,0,0,50a6a4e3-064b-4268-8e3c-fae6e7771e0d,95d6472e-35b4-417e-9fa5-a1cd57a92a1b,0,0,0
8d1dc503-5c43-4954-9fb7-7770ad12b729,0,0,0,0,0,0,0
525a8c71-6eb6-422a-870c-2f66d5d65808,0,0,0,0,0,0,7855ac90-2300-4fbd-9f7a-4299096c019a
58d0c171-def5-4abf-8ae8-8d6b8dbea0de,0,39782391-ed4c-4bab-94c5-daf5d064a928,0,0,0,0,0
fe76dd20-eba9-496c-aace-871e013f4657,0,0,0,0,0,0,0
5e6c0404-de66-4167-8f0c-63779e77f5e6,0,0,0,0,0,0,0
7bd3195f-3656-449e-9e63-38076f59a001,0,0,0,4848f379-75a6-414a-8b25-47db0e806ca6,0,0,0
20206090-61e3-4258-9023-955f54ed7ebc,0,0,0,0,0,0,0
30076bbc-f118-4716-a74c-156b7ec256a5,9a129835-77ca-4362-86d9-b55d02ea7489,0,ac29a7c1-f381-46db-afac-35f90e36dfee,f3951a4d-caaa-4c8f-8cf4-3a4b4e7f1450,72f9c28d-cce8-49d5-9f53-99e58471bb50,399d4970-e53e-4b1b-b904-95d1a9e23708,b6f4c415-1a66-4c13-8b92-7373c28db5b0
5cffa610-605f-4308-a3af-4026fb1b6898,0,0,0,0,0,0,0
b3535775-8013-4c4e-b5ff-a83d05668a2c,0,0,0,189eb26b-0def-4607-8190-69aa19074d08,0,6598ffbd-5935-4a30-94a7-71658b4a65ed,36451f35-8755-4530-8c99-fee56c6bbb31
22a054c1-2fa8-43e4-8e8b-d871ef06775e,0,0,0,0,0,0,0
565e8b02-df6d-45f9-8e9c-8a37dcebedd8,0,0,0,0,0,0,0
f729fee1-c655-47be-bdef-4278fdb7c3e5,0,0,0,0,0,0,0
8d85b0e1-fe2f-4aa9-b6cb-6c07e1531653,0,0,0,0,0,0,0
5bed5842-4c53-4d3e-9d25-470516b5436c,0,f67ba7c8-4154-47d0-a75e-c34e058127fa,0,0,0,0,0
1271097e-084d-4fe9-a4fa-753df9ad1268,0,0,0,0,0,0,0
c6a3924f-4677-41aa-8abb-b6f330655602,0,0,0,0,0,0,0
34884411-b1fd-4746-9d3d-790d803464ed,0,0,0,0,0,0,0
e660f5e3-b9f5-4dd8-90ef-0ecc6c87a15c,0,0,0,0,0,0,0
2be39d69-a818-4c2d-9b58-bec09e585032,0,0,0,0,0,0,0
750ef292-6c3d-4163-a41a-afa50ff3bc3c,0,0,0,0,0,0,0
37f513bc-6222-467a-a455-525df9d58d30,0,0,0,0,0,0,0
bcc7baad-dc82-445e-9fd1-8016f441f5a1,0,0,0,0,0,0,0
7394702a-c9d9-4e58-9a9c-7d2d5f06c083,0,0,0,0,0,0,0
00578cd5-83ea-4e42-941e-347298312015,0,0,0,0,0,0,0
a0c4ae53-2f88-4072-93a6-b13da9412fe9,,,,,,,
3be7b977-74f7-4aac-ac24-387e4eeafb4f,0,0,0,0,0,0,0
3a8a9c75-157f-42f4-8a59-ea416e933c99,,,,,,,
8dacb7e7-7977-4420-9a7d-58eda84741eb,0,0,0,0,0,0,0
33e2d423-03c7-4afa-af3f-8cc716675346,0,0,0,0,0,0,0
53314102-b77d-423c-bd03-6deb04941105,0,0,0,0,0,0,0
9a32f0a7-3092-4ecc-8701-f72b367ac93c,0,0,0,0,0,0,0
ecd43a0d-0ceb-4e86-b9af-b408eee96b18,0,0,0,0,0,0,0
eeb52bb4-449c-4b35-b25e-c9ff9795e4f0,afacbf57-d7cd-4be6-9d88-97cddd30043a,0,0,ae9bd648-26f6-4173-8fa1-6fd965f95b01,0,0,0
cdece2d6-cd2d-48bd-be70-2317db1ef773,,,,,,,
d7dccf30-51e4-4766-b25f-34b4eec401c7,0,0,0,0,0,0,0
f4e708fc-7f10-47d7-a30a-372cbf89f25c,0,0,0,0,0,0,0
fc458d09-1661-41da-bad9-867e49c720ce,0,0,0,0,0,0,3cf034aa-36e1-44b5-8ab2-bf1fae8496e2
5195d970-0ad2-4437-84a1-6cf4c3724f8e,0,0,0,0,0,0,0
bc32e738-6d62-4be7-bf42-a447723bf076,,,,Quiz Night - 8pm,Entertainment - Karaoki,,
b84b6793-23f9-422e-bd98-6d4b1de1d6aa,0,0,0,0,0,0,0
8da7696d-930f-44cc-ba38-783b7ad1c1df,0,0,0,0,0,0,0
c8b2ead4-dd72-4b65-b9ae-8960507b3ecb,0,0,0,0,0,0,0
a7006cf2-0f00-497c-a8dc-3d6729381820,0,0,0,0,0,0,0
e491d366-62be-4fbe-802e-0c87cae24721,0,0,0,0,0,0,0
97035489-ff93-47f1-9703-b0081ae357e9,0,0,0,0,0,0,0
88ee974d-df96-4ffb-ac86-fffc13f1fc7f,,,,,,,
4e5ae801-600a-4e23-9afc-77ad69b6258f,0,0,0,0,0,0,0
2126582f-d4b3-44d2-afe2-5bed8420088a,0,0,0,0,0,0,0
526bc553-5443-4d0c-a0b5-99ac6117857b,0,0,0,0,0,0,0
39b363b6-9622-4c44-b828-fc7fcbe5de54,0,0,0,0,0,0,0
fc6df57e-c8a2-456c-9675-df227c91fbe9,0,0,0,0,0,0,0
f9920659-fc05-45b6-a298-991910d95b52,0,0,0,0,0,0,0
4a468f6c-eb8a-4588-829b-14405beaef8d,fcf70b6e-5fa9-4a56-806f-eb6e08c8170b,,,,,,
5ecb233a-4a34-4013-ba6b-be9131cf4587,,,,,,,
17168dd2-1b21-4175-a60f-ae9324c45d2c,0,0,0,0,0,0,0
d7bbec93-b3c4-4e47-aba4-2edcb9598a21,0,0,0,0,0,0,0
6324ea6d-4ca5-40e2-abc7-009cbf4f1a9e,0,0,0,0,0,0,0
79d9d3fc-e9e3-4758-bd90-3fc532847a31,0,0,0,0,0,0,0
d05ed054-2d7c-40ab-b2b6-618b7cdd339a,0,0,0,0,0,0,0
39be1804-889f-4c3a-8941-a8d050a75d21,0,0,0,0,0,0,0
a3f8f42c-6f04-4a85-9b4a-92bc7561b3b1,0,0,0,0,0,0,0
fbc39051-4b8a-4f1a-ab22-c015e5773eab,0,0,0,0,0,0,0
c962369d-7555-4b2d-b242-f961addb27d0,0,0,0,0,0,0,0
a5fdea40-d4d3-48fd-bb3a-71f6e9f56a4a,0,0,0,0,0,0,0
f23fbf74-e059-4cda-bce5-46168f7a059f,0,0,0,0,0,0,0
d447c775-f09e-4df2-acb5-bfbe06f51f19,0,0,0,0,0,0,0
ed583f06-2e38-43c5-bfd4-97d68006a041,0,0,0,0,0,0,0
66c1f5c4-262a-458e-9a81-c5105091da24,0,0,0,0,0,0,0
29c740d3-384a-4a66-9588-1b96e84a7a9d,0,0,0,0,0,0,0
1d7a8905-b34f-4fc2-8eed-ade8cc3a0a8d,0,0,0,0,0,0,0
2fe38cf3-b1e4-4dcf-9c57-dfd3b99604b2,0,0,0,0,0,0,0
be46df09-fe27-4e4e-b0ef-eb96acb62ce8,0,0,0,0,0,0,0
92c49a14-f650-4acc-a74f-b6fb96760631,0,0,0,0,0,0,0
f9120818-3901-49a4-babe-474246231ce9,0,0,0,0,0,0,0
d82797b4-a664-42c6-9346-2fe5534cce99,0,0,0,0,0,0,0
0d2fa8e4-7e01-405e-91be-f59cfbd35277,0,0,0,0,0,0,0
4bd18e41-00da-4560-87ec-96fa38e87e7e,0,0,0,0,0,0,0
4a6dd34e-d5f4-4b5c-b3fa-a41d99cc2533,0,0,0,0,0,0,0
b90ca522-14fd-4d2a-96f2-59935e0066cb,0,0,0,0,0,0,0
345fea34-709f-4da4-b05b-531340ceca92,,,,,,,
fd81e821-5fff-40a3-ae44-1734679d0269,,,,,,,
fe5b20bb-5452-4881-81a7-37ff266aa193,,,,,,,
ceaea7ac-c535-4b98-8e43-9c27fc759fc0,,,,,,,
b0d3a863-f1fa-4d58-9936-c09995a3c636,0,0,0,0,0,0,0
277afc92-7eba-4f26-8850-b608c10238ac,0,0,0,0,0,0,0
d258ccd8-c220-4ab7-80e8-489f067d330f,0,0,0,0,0,0,0
556a9b24-a44a-4136-8f14-2b963e276d15,0,0,0,0,0,0,0
591155df-2fa3-45a7-844b-4272d229baa3,0,0,0,0,0,0,0
515b0be2-21fb-49f6-b1bf-1d37ba802d30,,,,,,,a2149e57-d64d-4047-baa7-36af5902f28b
f2a0f4c8-715b-415a-a8a9-82be81e39619,0,0,0,0,0,0,0
dae2c7dc-33bb-421c-9cc2-b2568663e1c9,0,0,0,0,0,0,0
1c824df1-d850-435e-8e86-275108d5c40f,0,0,0,0,0,0,0
7c6bd4e7-a572-45ad-a969-64e0fb4cbb5a,0,0,0,0,0,0,0
d85fb6fb-3a43-409d-9dfd-1caa0e992f78,,,,,,,
3994296a-ca1a-4a2d-863b-7e84f25b11eb,0,0,0,0,0,0,0
1190fe04-7140-4fc0-82a1-8aa5e60e2cf0,0,0,0,0,0,0,0
56175398-3dfa-42ab-89b3-782e4fa9faa5,0,0,0,0,0,0,0
ba0800b7-647d-425f-8089-6507c417b099,0,0,0,0,0,0,0
d2197b2d-46ee-44dd-98f8-4ea345880c75,0,7eaea597-142b-4292-86ac-912fe6e665f1,0,0,0,0,0
cd2277a1-8247-4dbd-90cb-8181ad7c70e3,0,0,0,0,0,0,0
fdfafe8a-871c-404c-8353-bf04ecfcded6,0,0,0,0,0,0,0
8db5a004-e021-440d-9076-277bcdc9c36f,0,0,0,0,0,0,0
43c1b734-6005-4366-a3f2-688c0f8d1a9b,0,0,0,0,0,0,0
f5c4e09d-d7c9-4be9-8028-40decdaf22df,0,0,0,0,0,0,0
76e885a6-f2ac-458e-aa7d-41e1b97d48d3,0,0,0,0,0,0,0
5b81fa4e-a48e-45d6-b36e-c03be9dda42c,0,0,0,0,0,0,0
32421879-192f-4aea-bbfc-5fd38c902cda,0,0,0,0,0,0,0
3dbfd486-3e8f-4bc6-bb7a-bfa596c9a595,0,0,0,0,0,0,0
616bf4e2-ee09-48bf-a9ba-71caef3670ae,0,0,0,0,0,0,0
cc8f9bbd-59eb-4dbd-b1eb-be878d322b97,0,0,0,0,0,0,0
7d8604d5-f337-4914-93de-b926ddb26ba8,0,0,0,0,0,0,0
a405d661-3a4f-4d71-9f55-ea79a64b9da4,0,0,0,0,0,0,0
88e63ca8-64c5-4005-9fc4-ee53d5a0443a,0,0,0,0,0,0,0
7504e3ad-6d7d-4cd0-8c08-1ef19d3f3c34,0,0,0,0,0,0,0
14b70ced-ac7c-4267-8974-4f0cab5c584d,0,0,0,0,0,0,0
c5db11ac-c030-4891-8d22-3a76dc44e3c4,0,0,0,0,0,0,0
1f2544c2-6a7f-4ae5-9600-4faaf17da596,0,0,0,0,0,0,0
4e1dbfe7-bc7a-4083-9304-1be5a4012604,0,0,0,0,0,0,0
276bc0ae-92d5-4836-b638-45c318dacb6b,0,0,0,0,0,0,0
325865fc-cfd8-4135-a78f-c1f9563db5eb,0,0,0,0,0,0,0
c52e6867-c44c-468b-96c2-0b19ea876eb4,0,0,0,0,0,0,0
1f7f34e2-8cfd-44e3-8fab-9129844cfe50,0,0,0,0,0,0,0
102f5a13-bf8f-4d1d-9bcb-f11636f89aff,0,0,0,0,0,0,0
bcec1b05-1ef4-40df-909e-a3c3e8345be6,0,0,0,0,0,0,0
adf70805-ec68-432b-8c42-1fbaf25412ee,0,0,0,0,0,0,0
64c16292-bc49-479e-acc9-51c102a221af,0,0,0,0,0,0,0
6263cf3d-b64e-4df3-a4a3-5f444abb4ab5,0,0,0,0,0,0,0
c97149c6-9dfe-49f9-998f-20f4fa7cbbc3,0,0,0,0,0,0,0
0ede2db5-9b7e-44be-bc30-eae5232c27a6,0,0,0,0,0,0,0
09bb127b-64d4-421c-9ad0-52170b1d8277,0,0,0,0,0,0,0
c250ba24-9831-4830-9d77-8cf7541ff199,,,,,,,
249097c2-94e5-4c1b-b5c0-cda904d92beb,0,0,0,0,0,0,0
ef67bf1e-468e-4768-8542-530ae19b101c,,,,,,,
7676b509-739a-47bc-bee1-9d57c052d28f,0,0,0,0,0,0,0
515f162c-4f46-43a6-a422-e398f14d8229,0,0,0,0,0,0,0
fdc54fdc-12f2-4071-b7e0-74ac3ee18be7,0,0,0,0,0,0,0
9e44c960-78ec-4367-9ebc-23647e3b91b4,,,,,,,
8b68d62c-c5c2-4250-82f8-35422d176fcd,0,0,0,0,0,0,0
e8346e8e-cb4a-4239-a11a-549c76b2ea30,0,0,0,0,0,0,0
895a5770-50c5-4aef-b6d1-14101cbce0bf,0,0,0,0,0,0,0
f90513e9-e5a3-48a4-919a-e0387f5fef1c,0,0,0,0,0,0,0
1754c27e-0e23-4521-baa9-38ddf52b99b1,0,0,0,0,0,0,0
f78fffa3-dca4-44fd-b442-b9e611016662,0,0,0,0,0,0,0
5f9af8a0-c5ef-43ca-8042-a1b6390a56ed,0,0,0,0,0,0,0
813d1b31-6a0a-4759-820e-7a64ccac8e39,0,0,0,0,0,0,0
e93d65db-20bd-4735-afcc-1d245f823fc7,0,0,0,0,0,0,0
19638000-ce73-4097-9d24-38587f6ecd13,0,0,0,0,0,0,0
b6e2c775-64bc-4352-9bff-b04f485a0010,0,0,0,0,0,0,0
8eb74a53-1d1c-4526-bb72-5c130c0fd2a7,0,0,0,0,0,0,0
8776e7ae-26c4-4ae3-a98a-b87fdc366aff,0,0,0,0,0,0,0
07cd14b1-14f1-4b5c-b9f3-be3cfd9f7f28,0,0,0,0,0,0,0
5f83fafd-cdaa-4b72-958d-ef6ac6c7c2f4,631ca554-2762-4e1e-819e-c602257a82e3,9710fd51-9b19-4a28-a23f-a6fc507ca1ba,0,0,0,0,c62b5740-8610-455a-afee-eedd08ae4cd5
19c904a7-91c1-46e0-9df4-e9cd763e89b5,0,0,0,0,0,0,0
131b3ce6-9f0c-44a0-9511-5b49c317f4b9,0,0,0,0,0,0,0
43f79eca-8015-4999-b209-477e6b12f73c,0,0,0,0,0,0,0
34a55bd6-7504-4b6f-b07e-6ae25b6474bd,1a7e6614-3ac6-4012-92e9-3828262fc420,,,,,,cf8d8bd8-67db-4e16-b3a8-afcbb33292b9
c9439983-14c0-485e-b3be-5a478970270b,0,0,0,0,0,0,0
4a369a23-9666-47bf-b6d5-4e9e0a814ef0,0,0,0,0,0,0,0
6e9ffbcb-91c4-4c3c-9a2f-3f48c90153f8,0,0,0,0,0,0,0
4c256de3-62b7-4adf-809a-bdbb07b5e3bf,0,0,0,0,0,0,0
e4c1e325-aaf0-4ea7-9447-174bc479c279,0,0,0,0,0,0,0
9d839efa-c9e0-4ea5-87b8-047e480d5927,0,0,0,0,0,0,0
f72e5975-1802-4da8-99a4-a21cf3844766,0,0,0,0,0,0,0
297b603a-efff-4045-8979-9c49c4dc9f60,,ba3ab035-bd93-4d97-8d13-8b455a9b5769,12e7cd91-d0d0-44dd-ba8d-223bf852e5ad,fef19ae8-1d27-4f8a-b657-6621d76b67f5,6fd74466-6c7e-4d39-8492-6517da404e49,b93a6da2-bc40-4088-be87-137ce065017d,58c790a6-be42-4364-8f67-4fb066bd9e18
db348711-a594-482a-9cc4-956466bbd9b2,0,0,0,0,0,0,0
78d9bb44-55bd-4e59-949d-c5c2e3839155,,,,,,0895c9f9-098c-433e-8583-a725dc9c8aba,37f1874d-cd80-41a8-adf1-24ba8f8b84c5
ac8b9581-9067-43ca-9f76-e8f0511fc0f5,c4bf9265-08c9-4dd1-a464-ff3eb4706510,2c8e015b-35b8-46ea-9e4a-e6ab79def546,b24b6c3e-c5c9-4cec-94f7-e8c29ff2f434,a15db418-5d22-4dab-b11b-eb178c921865,58ce2d0e-c72d-4c73-8f74-286198a592f0,fdc9d514-1567-42db-a7a8-6b53b6d70203,3103b9fc-be33-4efb-9574-ab1216a38022
f5f017a1-8c25-47c7-83b4-5794b18369b6,0,0,0,0,0,0,0
b7aa38fd-ee75-4f8f-b3e3-a6633ae4b2e8,0,0,0,0,0,0,0
568cfffe-56f6-4282-abc3-74c36e5cc32e,0,0,0,0,0,0,0
bff8e11e-1de0-426b-9ec1-05324505482c,0,0,0,0,0,0,0
7cb12588-5740-45fa-b25c-ba40d538f2f9,0,0,0,0,0,0,0
75deb80d-2bcd-4d38-8bb3-860d8577290a,0,0,0,0,0,0,0
8d907488-868e-4ae8-aa57-d984455bfce2,0,0,0,0,0,0,0
bd5e16c6-b54f-42b4-b54d-e1cd8766c04f,0,0,0,0,0,0,0
e8be1b38-f3ef-44a3-90ce-cc7cae66675d,0,0,0,0,0,0,0
cf87bd59-be40-4733-bcac-068abfda0deb,0,0,0,0,0,0,0
c5afb945-7f63-4d2f-b3f5-4032ee378f9b,0,0,0,0,0,0,0
21024588-62b3-43e3-ba51-00030846a844,0,0,0,0,0,0,0
9ec267f9-9750-4203-ab43-a2e4d59888b3,0,0,0,0,0,0,0
e7a7b368-3974-4257-98f6-f42df03707be,0,0,0,0,0,0,0
80af9067-930b-4bf2-918d-a8743df2d5c0,0,0,0,0,0,0,0
099029f7-cfe9-4fbb-bc5a-922cf04aff5a,0,0,0,0,0,0,0
e5e70d87-9fe6-4ae7-b1c0-666915676a61,0,0,0,0,0,0,0
40d70780-e0dd-4bf0-9653-209eed886f76,0,0,0,0,0,0,0
82861b12-4ce4-4cea-91d2-3c8880938e0e,,,,,,fd590f3c-9f55-4b49-ad30-9e64d9209bf1,a2b22b7b-a290-44f9-80e3-d05cafd29ad8
af1eed5b-ad31-4fc7-a014-137676ff694f,0,0,0,0,0,0,0
949463e4-2002-4162-8637-161d26f3db80,0,0,0,0,0,0,0
3249ed26-bb22-423b-9de6-11c7b104af32,0,0,0,0,0,0,0
cf39e857-00e3-481d-a901-145fa643a1e1,0,0,0,0,0,0,0
f930011f-7457-4827-8db5-63a6df6c1b1d,0,0,0,0,0,0,0
a2ef9932-e307-4f41-bfa1-05ce937e8fbb,0,0,0,0,0,0,0
98eab8ce-62e7-4ab7-a019-6f73a000d115,0,0,0,0,0,0,0
53eb1d0e-aed0-4247-a178-a02484bb71de,0,0,0,0,0,0,0
9e57d52e-e263-4b82-9684-bafd5ed9b252,0,0,0,0,0,0,0
475a8026-7b82-484d-8589-5d7b4ef4e23f,,,,,,,
03acc47e-3280-4893-96c3-b217ddfd8140,0,0,0,0,0,0,0
cfc8b7a5-18aa-4bfa-a4b6-9fb24fe2df53,0,0,0,0,0,0,0
0cadcce3-73fb-4e2c-9f84-f3225736ae3a,0,0,0,0,0,0,0
9192d17e-30c4-4588-936c-fd3b2f98e523,0,0,0,0,0,0,0
72fc71cb-72ed-4633-b0f8-110a8b60a1da,0,0,0,0,0,0,0
76f7de03-4b26-43c1-9f66-a4ec37f3e70a,0,0,0,0,0,0,0
9a33073f-7e0f-42d8-95cc-8a24dbcbeb78,0,0,0,0,0,0,0
dfcf05fa-05b2-4dbd-bb0f-6d7da033a066,0,0,0,0,0,0,0
604d96a8-a13d-421a-89c5-f57c344aa07d,0,0,0,0,0,0,0
defeacf7-d409-4111-8c4b-4c33558c23cc,0,0,0,0,0,0,0
db1c88eb-e73a-4f0d-9a72-d2edb0399a6b,0,0,0,0,0,0,0
164e3efe-2da2-47b8-a85c-825bd197d57c,0,0,0,0,0,0,0
9b5aa248-edae-4091-a1bb-be57d01ead4b,0,0,0,0,0,0,0
f5353395-604b-43ac-8353-06b0f7693bfa,0,0,0,0,0,0,0
96a19cae-835c-437c-b867-2062a209fbe8,0,0,0,0,0,0,0
e11709f3-b888-4771-a80e-0d06a71ad6b2,0,0,0,0,0,0,0
7f167fc7-8c05-4d44-a272-7c71a5be5e18,0,0,0,0,0,0,0
63551048-e4b4-4781-9863-267878ec5ebd,0,0,0,0,0,0,0
476cd8fd-ed9d-4192-b358-8078e492f39d,0,0,0,0,0,0,0
d5349d4f-afc5-436f-9e88-ddc6439fa691,0,0,0,0,0,0,0
5ec20732-32ff-4dc7-ae35-60ff5522f6c3,0,0,0,0,0,0,0
b54332f1-9e8b-42c0-b948-a35bf6d1faac,0,0,0,0,0,0,0
7ce66521-14f0-4475-aa30-49ce895a4b20,0,0,0,0,0,0,0
f44f4529-4175-4414-8058-c8a6e85487ad,,,,,,,
d248f4ab-6bad-49f4-9514-f4260d1032e4,0,0,0,0,0,0,0
385cd2c2-1b5f-4110-9fb0-b8fbed00a71d,0,0,0,0,0,0,0
715b09db-7250-4c37-9743-4860e118e5de,0,0,0,0,0,0,0
f5fda706-b884-492e-94d0-b7b6ed5a0a3f,0,0,0,0,0,0,0
4bccf5b6-0353-41de-b39a-e1cbfd07591b,0,0,0,0,0,0,0
52d07db8-af91-4541-8e7b-e35fa2bc3539,0,0,0,0,0,0,0
0bc84799-1893-49c7-bf40-6567dae03480,0,0,0,0,0,0,0
fbd9e64e-d4e2-47aa-b966-e2cffaa815ab,0,0,0,0,0,0,0
70e1c16a-2845-4a06-bca3-4b4e9a92789b,,b0b0ac99-e496-4993-8a99-2de47f32768c,,,2f221b70-a42a-462b-8a80-0462c6e8af38,dc93d4b1-cbb1-421a-9060-834c3557cc94,8988abc3-5008-4443-9eca-95251c860b55
fbfd71aa-b3b8-4739-8cb3-8e4e9fee256f,0,0,0,0,0,0,0
4a645c2c-c00e-4488-bf7c-b19685fd80e5,0,0,0,0,0,0,0
890e0f0e-0b38-48aa-9527-ba085f032f92,0,0,0,0,0,0,0
e50f676d-5a9c-4509-8b51-098eb71cc159,0,0,0,0,0,0,0
231e0f2c-b9a0-4c62-88b1-3005f318d889,0,0,0,0,0,0,0
017b1ca6-ccb1-42d4-9c5e-1ea6c08064d6,0,0,0,0,0,0,0
b66d638d-fece-4d06-a2ea-d1b9ed0ced48,0,0,0,0,0,0,0
c1699deb-756b-4daa-904c-d181dd6cde34,0,0,0,0,0,0,0
dc597ac5-6f89-4f7c-a185-af62b5ba6dd4,0,0,0,0,0,0,0
b0c92c17-eda1-4f5b-98a3-2f1bd1b4a0ee,0,0,0,0,0,0,0
64e91f6a-88e8-4172-ac3f-625e481ac685,0,0,0,0,0,0,0
8de2616f-c279-40ad-a852-78729adab93b,,,,,,,8a715f19-7245-4f07-9464-a3ba4d5456ee
fc5759aa-338e-414d-a5e6-e87b844c662b,0,0,0,0,0,0,0
473c1c09-5333-4b3c-86ee-3037f89a7898,0,0,0,0,0,0,0
7d9499f6-7862-484c-b1dd-86d9ab942608,0,0,0,0,0,0,0
520f9470-fff9-439d-99db-93c63ea55daa,0,0,0,0,0,0,0
826cb3b2-74e8-44c4-928f-fdbfcb37009b,0,0,0,0,0,0,0
535a5085-154b-4050-a419-62b6a16b564f,0,0,0,0,0,0,0
1cd0e488-6da9-4d70-82b2-8078b23d674b,1fa6d601-ae2b-4047-a8aa-7083d93f2e6c,0,0,0,0,0,0
ef5f9ba7-e208-4647-b18a-0ec7b2e5c280,0,0,0,0,0,0,0
9725eb62-66bc-4b8e-b226-a949effbb364,0,0,0,0,0,0,0
2feac08a-c2fd-44a2-a9bb-51e86a61a458,2f6e65bc-5e48-4cf9-a59e-5252864c63b2,30335777-c081-4fcc-bef0-09f50dcdc341,f710b7ee-9d19-4aaa-ad9d-372b9912b578,f04598dc-532e-4b50-ac1b-c315afab3440,0c3b9353-259e-485f-ad75-8febb43efbaf,5786d5e5-5673-437d-b504-efc2481c4454,85c12368-70b1-49e1-9eef-a5876704eeab
4eb3133e-9a02-4029-a01f-456bdbda3233,0,0,0,0,0,0,0
8ecb5508-48b0-4688-abce-7d0d9505f417,0,0,0,0,0,0,0
5990ed18-2cf4-488f-9e52-1f971c3ed48f,0,0,0,0,0,0,0
2ac6a589-4e47-48bf-93fc-574d35bc0b61,0,0,0,0,0,0,0
259f5a96-e9c5-4501-a5fe-6692b622cd90,0,0,0,0,0,0,0
b5888530-6d39-4718-a728-d16d9ca30a6b,0,0,0,0,0,0,0
f8810421-929d-41ca-bc41-b54411ccdefd,0,0,0,0,0,0,0
f03e5799-71d3-490e-924e-78b79e9725ac,0,0,0,0,0,0,0
4347a11b-8162-4127-91f1-d0803fda1741,0,0,0,0,0,0,0
dc74df32-e8fe-4cb1-a2a1-60b629c42d03,0,0,0,0,0,0,0
b59144de-3999-46d2-a96c-3a1d91881881,,,,,,e214132b-6db2-4589-8f3e-56643fe5dba9,047adb35-2fb2-4543-b20f-97636a96bb5b
1bd7ea2f-6a0a-455b-b5de-2ae14ae91e4f,0,0,0,0,0,0,0
9d327920-d908-49cc-8871-637da4ff2e3b,0,0,0,0,0,0,0
4053393b-0400-40e8-9389-d2961bca03ae,0,0,0,0,0,0,0
99a6aa11-7e8b-45ac-9bdb-662a83661877,0,0,0,0,0,0,0
bc5e99b5-d4a1-4dbe-a670-0d7123190266,0,0,0,0,0,0,0
db50bd50-bed4-4a7f-914c-c5934baf4a5c,0,0,0,0,0,0,0
d73615f7-482b-411c-9dfe-a2d0ae7010b9,0,0,0,0,0,0,0
3650bf18-28d9-4ddb-b44f-76f03487a903,0,0,0,0,0,0,0
95e1c282-550d-4baa-b466-0f6e51cc1d97,0,0,0,0,0,0,0
8647af6a-cf21-4f8a-8bfa-16354930fff6,0,0,0,0,0,0,0
896f390c-5f59-45d7-9d03-79ecbe019345,0,0,0,0,0,0,0
29c99819-d668-4174-b224-70a050cfe822,0,0,0,0,0,0,0
388f8576-1efe-4adf-8d24-22796e4714ed,0,0,0,0,0,0,0
a873f64a-7c10-4467-85fd-8a2da9089f15,0,0,0,0,0,0,0
9de235c6-7132-4fac-8c4c-5b7dc9bab383,0,0,0,0,0,0,0
8c8070ec-b8f4-4423-a339-4be104181daf,0,0,0,0,0,0,0
250497de-fcd2-497d-8a0e-52d9d1d8f94b,0,0,0,0,0,0,0
099343ec-9fe5-479f-b37e-8ea31df893cb,0,0,0,0,0,0,0
3c46fca0-48d5-4ef8-9d74-0d9077065937,,,,,,8dae4508-44d4-4bd6-b06d-e09fce2196e7,bebd6cd1-02e3-442a-97fd-d47676ba11a9
aca28870-afba-41f8-afd4-c3d7c88d0250,0,0,0,0,0,0,0
6d3dbce8-42ed-4b3b-b04d-b0b154d4c023,,,,,,,
1e0041c6-ae4d-47e4-b8cd-863b69a1f43d,0,0,0,0,0,0,0
b7ce9a13-ccc9-42e7-9cd4-a30f71b84b72,0,0,0,0,0,0,0
4e6025f9-81e6-49bd-89fe-98d8b02f4c02,0,0,0,0,0,0,0
2f70e549-a75b-4a4c-8535-711d1e9dddbb,0,0,0,0,0,0,0
ea6d91ad-4158-43dc-b49d-946c56b4c397,0,0,0,0,0,0,0
18221acd-7f3f-4006-8aa6-f3c8341a5bf5,0,0,0,0,0,0,0
716731ef-5493-4ab4-b913-9fc8db20b100,0,0,0,0,0,0,0
e644a849-ec07-4273-8277-4c92e91fa3fe,,5ffd0cc2-953a-4406-8a02-c5f57f48c1b6,,,dbbe21b0-0db4-4066-9509-0231bd33953b,d2007bd1-0dca-4dae-9aac-e892fb8a4742,88f744e5-eb5f-436a-a108-434931fa5f63
672df16e-112c-4aa3-8a2b-f13ee747b74b,0,0,0,0,0,0,0
825524ea-dd27-4689-8dcb-47d58ecd4d90,0,0,0,0,0,0,0
616f6f96-e76e-4747-9b18-36fd16b0e569,0,0,0,0,0,0,0
fce2a4c1-3f86-4c99-a1cd-ffcca2855e9c,0,0,0,0,0,0,0
efe26caf-d511-4d71-a7ee-2b6d0bb3b139,0,0,0,0,0,0,0
dc760f0f-00b9-464a-906c-6f618b4ac929,0,0,0,0,0,0,0
c4cd69a2-437b-4da2-a2b1-7bfe5fb87b3e,0,0,0,0,0,0,0
c805093f-4fea-4724-80b5-50c9a6c48d83,0,0,0,0,0,0,0
50f5c355-6ab7-4781-ab65-4aaa73f9545c,0,0,0,0,0,0,0
7d8c2439-e885-4b3a-ab43-40651b94bf73,0,0,0,0,0,0,0
8c2866ff-54bf-49eb-9f1d-2c90145f3dcd,aefed5eb-240e-4c2d-9c58-cdbc49f649be,848f4fbc-4976-4ae2-8786-7d726451bd71,b6dbc676-376f-490b-95cc-f574615e5f98,,,,
9499e221-3f3d-46a6-940f-45a46bb0be6f,0,0,0,0,0,0,0
cf671976-f1c9-44f1-a1eb-adca500e8a2f,0,0,0,0,0,0,0
30c6b140-6654-4068-8a92-249d42120e3c,0,0,0,0,0,0,0
cf482131-ed06-4bd1-b621-7ee5465472a8,0,0,0,0,0,0,0
f7fad95d-c4d8-46e0-8ede-6f4f66b65e38,0,0,0,0,0,0,0
125890da-c210-44f6-ba5c-a9c7b93415a5,0,0,0,0,0,0,0
b0ac9207-6c45-4be0-920d-67d6e74facc4,0,0,0,0,0,0,0
3f026b32-02d0-46b7-866e-e5004c84161b,0,0,0,0,0,0,0
d276cc3c-969e-4e76-9086-83cace2eed70,0,0,0,0,0,0,0
eac08fab-d4e8-47ff-b5d6-5aa740240651,0,0,0,0,0,0,0
15707356-0832-4819-b85e-283b28e3447b,0,0,0,0,0,0,0
99132756-be04-4b4c-b355-ed7f666ad8bb,0,0,0,0,0,0,0
5449709f-e19c-4b95-98c5-29e0b7dc23af,0,0,0,0,0,0,0
3806f570-5683-483f-ad4d-d51c1b3f5e43,0,0,0,0,0,0,0
be5a9277-c972-4124-9e5c-a68460086e4e,0,0,0,0,0,0,0
ed9eb921-5370-4a3d-b0a2-ca000839d270,0,0,0,0,0,0,0
401f5ab6-9d5a-4672-93ba-a161f5c1ac72,0,0,0,0,0,0,0
02d1aa16-9a0f-44ec-bf5e-cefe6a829ada,0,0,0,0,0,0,0
69253ae4-512f-403b-b687-da949ad4cb33,0,0,0,0,0,0,0
19f8b2e5-c323-4c03-a07e-f3675c4160e2,0,0,0,0,0,0,0
19ed5621-3bee-4504-b555-aa6c2bb5c9a1,0,0,0,0,0,0,0
aca8fbe2-c7f5-41c4-a87c-dbeb5ac8954a,0,0,0,0,0,0,0
ab61c138-9f3b-44bd-9c8f-a636ee7f4a9d,0,0,0,0,0,0,0
93505b18-6fef-474b-81c0-bb7342491279,0,0,0,0,0,0,0
a34c0a55-6349-4ea9-9921-f0fba7c448b3,0,0,0,0,0,0,0
79f92411-242e-40aa-b430-fa3c414c3e67,0,0,0,0,0,0,0
a5f4340c-fa2d-4fc6-b533-141880bdfd17,0,0,0,0,0,0,0
4f51a17b-f76c-4097-82ac-80c762ab9be2,0,0,0,0,0,0,0
08411e08-66de-4917-942d-09f75bcc299d,0,0,0,0,0,0,0
23e53a90-302e-4637-9f1b-a2da81c7ea65,0,0,0,0,0,0,0
f0326702-4705-44b4-ac59-ea94bb2fefee,0,0,0,0,0,0,0
2a0d15e4-8b07-4cc2-928a-14f417877ea9,0,0,0,0,0,0,0
58768f94-b60f-49b8-a136-b6442f9a7db1,,,,,,,
299bdbfe-1c66-45ad-beb8-26938b81ba7d,,,,,,28b78760-8779-406a-818c-1d740d759736,d5145a80-f179-4224-8602-563664e38bb5
bb1dfeca-f822-49b1-b2dd-ae6eb6315665,0,0,0,0,0,0,0
512376bd-f3a5-4d70-b76e-bed3361da28b,,,,,,,
ac7c2dee-876c-4904-9ce6-afe3290198c2,0,0,0,0,0,0,0
af4ba86f-f87b-4b19-a8ce-7234f82623c4,,,,,,,
830d634b-fc0e-4694-afb9-5df2697374c7,0,0,0,0,0,0,0
71c3e242-de29-4b6c-8b31-bcf3a416086f,0,0,0,0,0,0,0
35ef4e82-9e51-4ccd-8ed5-7c803274096c,0,0,0,0,0,0,0
20768ef9-6e0c-4342-b6e2-b879b1b882c8,0,0,0,0,0,0,0
0054c5ff-d820-462e-9467-f984d3f72554,0,0,0,0,0,0,0
652b3c13-4f62-401e-9d55-d6cf42a92506,0,0,0,0,0,0,0
dbef1e36-fa59-4189-88b5-528d514a616c,,,,,,5986921b-a68a-458d-85fc-6384f38ff828,ba77b7e2-6176-4ec8-8f63-2d99f83f3f69
ac53bf24-eb9a-40d1-8e4c-d698cb4e84fd,0,0,0,0,0,0,0
f722432a-9dc1-4e25-9c08-1a63b0b70421,,,,,,,
f7eb4a49-1ccf-43d6-b0b6-c316f6f53d7f,0,0,0,0,0,0,0
a92458da-e218-4d97-a45f-bb5e1b4ee87a,0,0,0,0,0,0,0
6232257a-07c9-487c-a7f8-c401f0f538c9,,,,,,,
cae1a9ec-26a1-4f47-9fab-da68e6c34dd7,0,0,0,0,0,0,0
d9288d4e-6772-4071-89f4-c04052a53399,0,0,0,0,0,0,0
9708335f-bfac-481b-8f51-eba29ea7b4ef,0,0,0,0,0,0,0
6cfc95b4-88f5-4a4d-974b-cb007b9b8c4b,0,0,0,0,0,0,0
b585f116-fc50-4377-b79f-167f5978d18c,,,,,,4ee26a9a-8b91-4037-881f-83d38f6a9ba0,d9d2cb68-a7d0-4773-9eaf-f8b501478e7b
e4f3286e-0aaa-458c-ad62-42d91da7136d,0,0,0,0,0,0,0
08fb8105-5a67-4caf-bb91-a1a0233636cd,0,0,0,0,0,0,0
0f746a76-ab10-45c0-9946-c9c86310d07e,0,0,0,0,0,0,0
c8c7b956-f2fb-4242-9f24-dbd0e7529a82,0,0,0,0,0,0,0
e38f04f1-a5ea-4c12-9b1f-fc4066f51f66,0,0,0,0,0,0,0
f4a2d8a6-94dc-4c65-b70d-50a94a08c378,0,0,0,0,0,0,0
475a5b23-542d-4fea-8f64-f92ecca33aa7,0,0,0,0,0,0,0
eed724a2-d3ea-42b8-a5a0-586f5fc0eaf9,,,,,,,66388b93-32c9-4c87-bf16-124285ada36a
9faa8205-d38a-434a-ad9c-8c5db5c7681b,0,0,0,0,0,0,0
8ec49adb-b36f-438f-98f9-4c0e495952b0,0,0,0,0,0,d1b2fee8-94c7-403a-b1dc-a31e049c64bf,b690c367-0994-4ff2-92f9-88f33d2482ea
2e8bad38-8a52-4d2a-b239-4db21fbe62e8,0,0,0,0,0,0,0
248315cd-6fb1-4123-8ddc-9516d3c4a736,0,0,0,0,0,0,0
de1e4131-5fec-4c30-bd4b-117a7051d254,,,,,,5fcc4ba4-b1e9-4c73-9622-2ec2e733f935,a1707da4-27da-47a9-a222-bc90ea662c4c
065b0d8b-4522-4144-a0ce-31f77280b102,0,0,0,0,0,0,0
a59f0225-2dd3-4d1f-910c-d8bf322157c7,0,0,0,0,0,0,0
f10e599e-e3f9-4ed3-b9ac-de513217027b,,,,,,e8b59f74-d0fe-4191-8b96-ca441fba8a63,3f1ad1dd-4b70-4ab9-9237-b60d81d4fab0
e06efe6d-1e26-46c6-8822-2d27773c1a81,0,0,0,0,0,0,0
d88e1985-ab4a-44af-81e5-5f3ce292f786,0,0,0,0,0,0,0
0a5e3505-9065-465d-b2b2-7c3e3241bc65,9f01feb1-1bff-411e-8234-83c6e995f4f6,0a8e8575-6c28-4efe-b024-c4580a4d6de6,df5bbf5c-f4ff-448d-9e3f-fc09cdc8ef2c,d8f8b663-c498-4ca6-b5f9-8c1142f410e7,68bed841-2f1d-47f1-8f08-ca604aed7787,b5374771-2883-4b81-b3b2-01cfa7f28e34,8ec901d2-76aa-4918-b279-ab083bd38b7d
c6840c35-6a69-4bf8-8fc5-e35736346ad0,,,,,,ec8b825b-5d93-4270-a408-fa671a522007,
49a8e904-445c-4844-b35d-ad9c455cbc99,0,0,0,0,0,0,0
74e4514f-40c5-4677-bc07-95a4f833e74b,,,,,,6e7d3795-abb3-410b-92ce-076e5a4b247e,89add3cd-8672-4c28-85fd-77b6a51c74a5
21135515-df61-41d4-97a4-7f8072ddbceb,,,,,,,
192d5156-7de2-49f8-88b3-079d2c97edb7,0,0,0,0,0,0,0
63db7d07-1040-4ac9-8120-cced82dd13d3,,,,,,,ea23bc83-0f17-4568-8945-c606d8b531ea
3c5e9904-407a-4c92-b6e4-db5a9ed486ab,0,0,0,0,0,0,0
e2fb915b-7fca-4897-a3f2-765f14471a07,0,0,0,0,0,0,0
8ebb3900-dadb-40f1-b1af-bacb93a3d894,0,0,0,0,0,0,0
767843ef-c20a-4ad7-b551-8ef0c898eafc,0,0,0,0,0,0,0
97bb7a16-719a-4cba-97d0-a9ccd9c2ef11,0,0,0,0,0,0,0
bb4f3f19-ef31-4647-9a4d-fb8f5d373dd6,0,0,0,0,0,0,0
54ca2867-a56e-4cb4-854d-5b2b2b639d54,0,0,0,0,0,0,0
c2a81c4b-0b79-4117-a590-f8bb550f7f10,0,0,0,0,0,0,0
050f51e8-7c17-4b8d-9c44-b8bd96887748,0,0,0,0,0,0,0
c8ebdc53-ebe9-41a6-aae1-770a3dad08f5,,,,,,,
9830c8aa-4317-4246-aa3a-71b3c54d631a,,,,,,,
551e857a-936d-42a2-a690-49fb2480945a,0,0,0,0,0,0,0
8418812c-6557-4877-acc4-d528d60d6720,1f975f00-f564-4dcf-9b36-41b7cc8d857d,0,0,0,0,0,6f15f927-cb22-4018-9ba0-c2445ae5cb87
dcaaedf5-89b3-46e8-9aa6-b686b5add4a7,,,,,,,
22afe14a-2b34-4e14-a7aa-fd51e1c688fe,57a63316-63a1-4026-8994-ee5604d732f5,a0a024ec-c622-4c4b-98e9-c83a914a37f2,87274c49-d9d7-430d-814e-58bf0eaaeffd,995825d1-2869-483c-b55e-40d02e8ad0e5,581c9087-5396-4db4-9066-1a9ff1266954,8d5d3932-ae86-4256-be53-0c8082308ba1,a4bc8d5d-d192-476b-a641-27e1c46d0b9a
754d1275-2291-4700-8881-6c8cedb5a14b,,,,,,,d26480cf-ab7f-462a-93a5-a5efdb4c7c88
8120e088-19d6-4722-8a2a-af2ef53bf882,,,,,,,
76429c60-b606-4327-a95c-4ed9a186aa16,ccc776fe-af72-4d3a-a9a4-6406746869b4,e41d898f-325c-4df1-b2c1-00241ea47340,365608f4-3024-4dee-91ba-2db617d50794,658b89f5-913e-46a5-a6f5-edaa6aff4ca6,ba0b84c6-d2f8-43e0-86c3-506a5af3b6a2,94322532-59f8-4e8f-9bd0-cc64c8b4a9bd,41594bf0-bebe-40de-9d8b-98d8553acffa
87400b7d-643d-4597-8e2d-4813794e5244,0,0,0,0,0,0,0
d2350898-7a77-410e-923b-968c3f064308,0,0,0,0,0,0,0
ee14f43b-ad7b-4cbe-8e98-8ad9b153d325,0,0,0,0,0,0,0
db5b1a1d-a948-49d4-a75e-3680b9407846,0,0,0,0,0,0,0
3c95ad0e-8717-4f52-bcd5-12e34ea421d8,,,,,,d9fe3e1e-8256-4081-a431-27ec17ed2581,
c0dd8e1f-7290-4436-adff-88871a1ed65e,0,0,0,0,0,0,0
a3736fe9-92a4-4be3-af56-ce3ce6ef3eff,0,0,0,0,0,0,0
0003ed1f-d8d6-4b77-afb0-847adc50937f,0,0,0,0,0,0,0
c56e9486-5e98-4525-a1a8-ff223483f48a,0,0,0,0,0,0,0
8816bccc-9c8f-4689-bd45-6795e8c29328,,,,,,,
28328615-6a74-4a68-b0c8-20394316eaf6,0,0,0,0,0,0,0
94b27a36-c1b3-4883-909c-f42c1c7a17d2,0,0,0,0,0,0,0
57ac397a-2a33-45db-bd87-8bab7610420e,0,0,0,0,0,0,0
65905a5a-49ec-427a-8c80-7ae65097ebb3,0,0,0,0,0,0,0
0fd1f61f-7584-4a4d-b8dd-5b455d110d09,0,0,0,0,0,0,0
e31b0b3b-7b4d-4c10-a4f9-de8ed39bfc28,,,,,,,
86381027-556c-48d6-8583-ddc4190b7cd3,,,,,,,
091600fc-698e-46cd-b005-ff01681cfd9c,0,0,0,0,0,0,0
3720c7c3-02f8-476c-8939-e1bbe2e72460,0,0,0,0,0,0,0
2bd5db2e-f508-45ef-807e-7bacfd86e4d2,0,0,0,0,0,0,0
6d0cf736-4720-4297-a4a8-ef7d91d5869e,0,0,0,0,0,0,0
4213d2ff-0938-48a9-a507-5a217d9d8777,0,0,0,0,0,0,0
10851273-4eb6-430d-ac14-93936c243e8e,2883535e-6884-41cd-a28d-f657a4dfb2a3,297f7bcc-5f92-4887-bfd6-a7781c84048f,,,,4c789a80-9a5c-4c87-84e4-0bb7432992b9,1878e31b-b440-4be2-824e-9ff7dc90c8aa
717b4d5c-3572-4039-a1af-4b01868605af,0,0,0,0,0,0,0
460871bd-d4ea-4e6d-bcea-1d490c790851,0,0,0,0,0,0,0
7481e18c-db1a-45d6-b3bc-80b52e8aecf6,0,0,0,0,0,0,0
4b71e932-46f9-4430-82b0-fefddbaf96a7,0,0,0,0,0,0,0
aa64f940-52ab-44a9-b0a5-fb11a2f0e274,,,,,,,
2c20aacf-5901-41dc-9740-8e76a3527ede,,,,,,,
b7f789da-bb24-40d4-81a7-e641d35e7dd4,,,,,,6710eb6e-f20c-4436-b98e-494d4948a4bb,9d20a42d-8007-411c-a87e-3eee0144c251
1830951c-47ac-492d-b46e-46ca43e8ca3b,0,0,0,0,0,0,0
e25b4226-a998-4a28-9fca-2699c69f825f,,,,,,,
46cc368b-dacb-437b-97ea-bf1c28f5f28a,0,0,0,0,0,0,0
21c56eb9-26d1-4488-81ee-6b30ab2dd708,e6762bf3-4642-4086-8268-5a34befc8e0c,,,,97a5afe1-1ef0-4cd6-8e29-4f425765fbd8,0277162f-b627-47ff-9d6e-858fe46bdd98,347f08be-e2ab-41bf-afb4-514acb61e810
b968f83e-5c3b-4e49-9e02-d6cf09f084c3,0,0,0,0,0,0,0
7c457e4b-3d43-4bcf-a504-1ab9f1b1664b,0,0,0,0,0,0,0
8c98d06d-922d-48bb-9132-dcf423125413,0,0,0,0,0,0,0
a1d48e06-91fa-40db-80e6-3a5186734bf2,0,0,0,0,0,0,0
c7076f68-7ad3-4e23-bfe4-dd4ea5e3070b,79a3c1a6-c27f-4034-8bfa-318001dfbf51,898005b4-2e16-427b-b8cf-0fdb9629a05d,,,,,0ca5f93e-2de9-4980-a17e-92080ea27086
c483542a-1feb-4083-bc0e-20d8440f8c70,0,0,0,0,0,0,0
21b8c1d9-a3d7-4981-9aee-202dcaa90b07,0,0,0,0,0,0,0
cedc2d8c-6147-4123-800f-4b8a33e15154,0,0,0,0,0,0,0
0f06a93b-1bda-4cfb-a047-46bebe7117fd,0,0,0,0,0,0,0
6b85865b-d724-4c3a-b1d5-4f7fc9ce17f9,0,0,0,0,0,0,0
f30808b4-ab8f-4d00-a829-1fac588106bc,0,0,0,0,0,0,0
643d255c-e956-4a63-9304-d89501f367e4,0,0,0,0,0,0,0
b3f99676-0c0f-4ef1-9116-3b653dd2305e,,,,,,,
60bc8bb9-f685-4ec2-b49e-b19e159f8365,,,,,,,
158e559e-c4c1-4257-868e-054caeb33c04,0,0,0,0,0,0,0
b7c4c517-d1b2-4161-a3bb-cb0652545c79,0,0,0,0,0,0,0
ebc9e553-7f1b-4093-b637-6ea280981a86,0,0,0,0,0,0,0
07216c39-a077-4ac4-bb99-c3435b131b55,0,0,0,0,0,0,0
1c71e0a7-b381-4e81-9271-aee571268530,0,0,0,0,0,0,0
23f74f24-995b-406b-8d05-183d7f81ef94,,,,,,,244855eb-a57d-46b5-b728-03e7fa2abc08
d98ef0a2-0fc2-4c9a-8a9c-852e306358c0,0,0,0,0,0,0,0
d0291e82-3e86-4c58-a677-0f94e8233cfb,0,0,0,0,0,0,0
c84139cb-a1df-4be6-834c-312fe3e3a30e,0,0,0,0,0,0,0
b9d1fde6-599e-498b-8563-4c5d6eaa523b,0,0,0,0,0,0,0
3cd84551-40d9-4cb1-bd85-d1a614206615,0,0,0,0,0,0,0
d0b920f6-b4a4-4c1a-9be2-e430f0ded419,0,0,0,0,0,0,0
94583282-54a2-4393-b3ff-48e3f5fed344,0,0,0,0,0,0,0
46d65d1d-ad4b-4e63-8d10-1dfb95e62b82,0,0,0,0,0,0,0
a38794ba-a551-49fe-90c0-bc92f6d59768,0,0,0,0,0,0,0
950e50bf-b57f-4615-adf1-040e48c3179f,8caba8ce-269a-4dc0-9559-2c62937539ac,fc96e22f-f691-48e9-b0f1-3ca887df8477,60ad0f67-d985-4301-9340-b93d1fdf628e,efa5b594-6787-4acd-8300-c21fc7c428d5,41b6f565-fb77-48f1-b271-2881947c7cc5,d15c0207-f8c7-456c-9f75-5690c01a4373,9c6eae3e-2f4a-48c2-a320-dc677f4227fa
895bdb92-cdf6-4eff-9619-835e481da4c9,0,0,0,0,0,0,0
45660690-fad4-4787-a874-7efe5e8ce0e3,0,0,0,0,0,0,0
243f6a2c-95b4-4247-bcbb-7e6ab1316fd9,0,0,0,0,0,0,0
962da8e6-9d72-47ab-b8d0-e69d4371e4fd,0,0,0,0,0,0,0
678adbfd-7b7a-4d93-9a96-27e1b308ecac,,,,,,,
e9f7ebba-7363-421e-ad46-4daf96b481b8,0,0,0,0,0,0,0
d6529c54-ce03-4e2d-ad76-47ffc26529e8,0,0,0,0,0,0,0
fa89134a-ed35-4bea-a4d2-1f973717a544,,,,,,,
0f721e37-3d72-4942-a154-5e8e453421eb,0,0,0,0,0,0,0
6c2685e9-a582-44ce-aa82-a506db4810a0,,,,,,,607ceef4-20a1-4528-9dd2-3f352e2d1e78
4e10d94f-8393-471b-a1ab-7a10b475227d,0,0,0,0,0,0,0
49e1ca62-3f10-415d-8542-ae86ac75e25e,0,0,0,0,0,0,0
a795e025-2fa8-4b66-a22b-fbecca53fd4d,0,0,0,0,0,0,0
1af9d9d1-a455-4477-a0fd-26666057e66c,,,,,,,
dbd13772-603d-48c9-b826-47847fd55fc9,0,0,0,0,0,0,0
1297ac9a-d0ed-48e0-b7ab-ccf684a500e1,0,0,0,0,0,0,0
1019d777-a718-4923-b1fb-57c20ce1e6ce,,,,,,,
114bc5bc-8f6d-44d6-9c6b-003658cf7904,0,0,0,0,0,0,0
2ac8cca7-ad96-40de-b4d9-563a20a8f784,0,0,0,0,0,0,0
d0c291b6-22c9-4ae4-ace3-bc1a4142e4c0,0,0,0,0,0,0,0
a4f19d41-087c-453e-86a7-0f34ca769a91,0,0,0,0,0,0,0
5c5140f8-437e-45c2-81ef-e86c95b765d1,0,0,0,0,0,0,0
88381d99-0c02-4f4a-bbd9-d0b2020e464f,0,0,0,0,0,0,0
bf678c39-88fd-4025-bab3-78b474a21965,a044ae29-cc86-4f99-b6b0-a9467ceca688,,,,,,
6ef012c6-c3db-4ee6-8803-b5f6823b8b37,0,0,0,0,0,0,0
0170f375-7864-41b7-847b-fac53c964f62,6484023f-1975-42ef-9a81-070659847364,ee60f291-6268-4bd6-a67e-7da380a807b3,3f9c6ff8-779e-4c14-95ee-b9f1db8ceb48,b934cfd6-704a-444b-a1c0-55f90e975716,a176576c-3481-4e87-b9ec-84f9a34e0a42,1cf94a7b-a28d-42bd-be3a-4bea549825cd,1fa9190c-2957-40ce-a9dd-e7a99f7d080a
d7f63415-8920-425f-b322-40704e51f881,0,0,0,0,0,0,0
3dca6512-fc60-441c-bb61-c76200f8bb44,0,0,0,0,0,0,0
6bae7766-461e-45ad-81ff-84877ff4d37f,0,0,0,0,0,0,0
2fa2aa1d-f47d-4b3d-a3ab-2aaa6ad1ffa0,0,0,0,0,0,0,0
cd0342af-6ab7-4734-bf55-aef114c985fd,0,0,0,0,0,0,0
24d297ea-6a37-4901-8324-5cb72605c770,0,0,0,0,0,0,0
17e66266-96f4-4c07-8b08-36c7dd07913f,0,0,0,0,0,0,0
fc8e56f6-9170-4fc5-82a4-946b0e57723c,0,0,0,0,0,0,0
5d366edc-fbd9-4e7c-8578-75c9d061c6ae,0,0,0,0,0,0,0
2681162f-a3a4-4b0a-be14-45d2c638702f,0,0,0,0,0,0,0
e0ced5ab-6b02-4aab-a824-c19d4be57206,0,0,0,0,0,0,0
e4c7ed51-0c49-4665-942b-1ee614c444e1,0,0,0,0,0,0,0
d010138e-02c3-492d-ada2-df1478095d2d,a3f771bc-7195-4927-a0b2-b9c9f8141167,0,46a13187-cc93-4475-a575-bf25afd010df,0,0,cb1e9cc9-9898-40f1-b27e-934399fa05c6,9de1c105-54f1-4785-b015-e07fc63f5b9d
49bc398f-d78e-4cd8-a2e8-6767443bf33f,0,0,0,0,0,0,0
9ad4bbd1-597e-471c-b507-cd1215ba1198,0,0,0,0,0,0,0
cd9a1882-780e-4d2f-b435-8bb8250b76ad,0,0,0,0,0,0,0
1f3aa88e-7e90-4423-b226-bfc7d58f1821,0,0,0,0,0,0,0
a2ed08e2-b552-4afa-ab6a-b4f834d46eb3,0,0,0,0,0,0,0
30589e8a-5d36-4937-a4c6-6fce48ea6d50,0,0,0,0,0,0,0
8116b7e2-18ce-4139-93be-5ac627c69002,0,0,0,0,0,0,0
ce3d2f67-2973-4e0d-a619-1324db8d41dd,,f8cba2c0-b819-4516-88b3-7a5bc9f4ea13,84c85018-87fc-4049-9897-b81a993efc7a,,a9b03c69-de31-42b8-9247-8bb9add7681f,63c06ab1-34e2-4cd7-9dfb-0f895b941163,
5e49954c-5743-4d9f-9388-9ae6aa1bb00d,0,0,0,0,0,0,0
99b8426e-9994-4995-9d05-f2284459f3cf,0,0,0,0,0,0,0
58a709fa-5192-46b6-860c-f135f960e0b3,0,0,0,0,0,0,0
02083c3d-266a-4828-9d6e-13c2efff3429,0,0,0,0,0,0,0
f9a1070a-9c0c-437f-baad-6a8bf1c43412,0,0,0,0,0,0,0
8d47b310-174d-40e5-b054-c8f7bf3cde05,0,0,0,0,0,0,0
9a4c0863-c2b6-4ad3-9898-68fc8ebcbb07,0,0,0,0,0,0,0
b0051985-8b41-46ac-a17b-44288995392f,0,0,0,0,0,0,0
7764fc1e-fbf7-45e4-846f-d5274187e7e0,0,0,0,0,0,0,0
25778f10-deeb-4cbb-a724-52493a571301,,3e3f3959-44b9-4795-b31d-b7ed738330be,,,,,
7845221c-b025-44fd-a07c-894ef7c42cf2,,,,,,,
cb76a305-65ae-46e5-90ad-e6f799d48c8e,,,,,,,
a7bf6e94-b251-45f2-9175-93ed9122758a,,,,,,,
ddfab694-6fe8-4985-9046-6c044e4e0ca6,,,,,,,
eb1dbfac-86d7-4e7f-a197-d77c71064994,,,,,,,
75871063-b8a3-4630-8d60-4905192254e1,f120e716-1304-4436-ba0b-d7315c6ab79a,1bdb035d-74ab-4a32-8074-7dd397823972,4c2fcc7a-fafe-4aee-81f8-6ae775636dc7,20ab0bdd-36d5-445b-a9a0-f26ea22eeecc,38fdd06c-0ec2-4672-bb75-d71a505a482e,,d4b27fd2-20c8-4700-be2c-a20dc60affd8
d156bf3f-7201-42d9-8555-39d343200d73,,,,,,,
8399903a-cb4d-4cd5-8de7-3557467f78ed,,,,,,,a8f138b5-3239-4667-9507-4a62f2b5c4ef
716b0dc6-0fd6-4104-a2c6-b28b1ff9912a,,,,,ffae5774-8519-4db8-b6e3-8e01745975c4,,
adcb8bae-7d17-48f6-9d27-e042462481e5,,,,,,,
5f96709a-e6a4-41dd-9d95-46cc7901cc0a,,,,,,,
19ad686e-643c-406c-9ad7-7ded82884b29,,,,,,,
eed15167-3e64-4cfc-9944-d1b758e12d74,0392cda0-b40b-43de-a535-1b9ae5a8eaa2,5c895c5c-e742-48d9-aca8-7af3370a5392,310c1243-2e0a-4d6c-a139-d05ed97a94be,88842dc3-fbfa-489f-bb95-caad7c492f3b,fbbc22c2-2ab9-4c94-8317-c447874899e3,93418072-d77b-4a1f-9c0d-c809e110466c,b99bed34-96f1-4a41-9d31-18c7d266789b
d84795cf-702b-4939-8e21-7df948293eca,,,,,f3465308-77d9-46d4-8747-61f4856fd9f7,a7130293-c493-4be2-8470-e2e37b3f119c,d7688a2e-e8d3-45af-8382-04beb106765f
eccdb9d0-eddb-455c-a4e7-9d2a22c612b8,299682aa-7e29-4106-9108-50ef2eab6d91,2ca6bb7e-b20d-4391-be73-e36284acaa35,93d605a6-cfd6-4625-95b8-c6eb8c97708a,fc7beb12-a74c-45a8-b38f-4fb4485257ae,5dde7faf-b6e3-4b97-9299-29473c3dbb11,c57a2e71-5d86-4c10-9731-47c8139c8fbc,
1af6429d-727b-443a-a2cb-0b22bc2b1aea,,,,,,,
4f693f04-afe5-40e0-8e74-7bbd114bcccf,,,,,,,31ffa568-12c7-4525-aa19-76d790b27a54
9c358db9-e0a2-4a20-ac97-7ce2a0ae52b5,,,564ee6a2-41a7-4e27-8961-9990e6ecba8d,,,,
a73c78ca-808d-43e2-86c5-dcbd81a7a06b,,,d6ab6e62-0072-4e4a-b3da-3adb9c972f9c,,,,
8d3649ad-153f-4646-ac0c-5275173c0ca2,,,,,,,
eecfdf61-cd0a-4b3f-b198-093c9b9be082,,,,,,,
84a4509f-a3f2-4f01-8e8d-899450bee2c3,,26c25f80-052b-493f-b942-69c73f4d104b,b7cfae0e-9060-48b9-b86a-e3361f3bbcc2,,,,
a71b815d-b178-429e-b7da-b7be429df156,,,,,,,
74d454d1-a14e-49f6-a6d1-5200ed25e05c,,,,,,,
55e2b172-737a-4db5-831a-236b57535801,6d83d798-9f16-4146-99d4-c8d1cbbe4b24,,1c32e5d4-4ce4-4d1e-92d3-55ff045de230,4b022bd3-2eb5-47ca-b8f8-bf7f2c4d6d8a,14385486-c746-42c1-99eb-bc3f2927548d,,
51117de3-8dc0-44c8-b95a-ff3bf552ff6e,,2b5bff9d-c4ee-40aa-a3e7-f51f1944d9de,,,,,
cd9017ff-96ad-4c97-966f-00935c2f485f,549d5fc3-4966-48cf-b291-44b0650b9723,d94f0131-e234-43ab-af3c-0c027ccb2bfc,57eedb63-d15a-4a94-8106-da8c69d14c44,e2f8fad3-4a29-4ba3-ac7b-de2f02835f6e,0236e879-5ad2-499e-88f2-2e7d651a0fba,d163b3d2-f690-4e4d-9c4f-49ca71f80263,6c0bcd79-1acc-4c29-9369-524e8e8f2a2d
6854afa6-5c72-434c-8192-ce7ed796352e,,,2bb2b917-5ff8-4413-a761-213620a8e5dd,90cc6867-a403-4718-8bc7-70df7f4e6359,8511f2b3-4a1a-456e-b1b8-8c78ff9c37d2,52df48c8-2e73-4f45-9a49-9d8db11a32a1,8772d7fb-f07e-4ac6-b372-6cc78c3d333f
89aa2f66-919c-43d7-8fc8-53b21374a1fe,,,,,,,
ce19c7d3-a09b-403d-850c-cdc76c936f74,,,,,,,
43f76889-2492-4bcc-9340-ebfa8b6b8738,,,30cca449-42d4-489b-9b2d-9b1f234fd8d9,,,b6d981ee-cc69-4740-a89c-fc379e1ded6a,
e0dfcf91-2f9a-4ea6-8a48-5e9664364f06,,,,,,,
8b5025cb-a6c5-4877-8f4b-21342eba8d15,9c27d564-4c2c-4f0f-a33a-855f8ad5e53d,0cf2cf72-3d6c-498b-bbad-d26f119cfa1c,cb45ac7a-f606-4a51-b25a-d9ce96f7c5bc,15933c06-130f-4c26-95ef-46075837beb7,6ee6faef-4366-4a1f-a656-dc38a7efad0e,d4a2f2f7-d5c1-4163-b190-baf095d684f9,292633db-dbc5-4540-b084-557d3375bea8
a931b8ce-91e1-4cab-8144-b9d5ba1d2892,,,,,,,
659b0523-0c6e-41e9-8951-42bca8b9fca7,,,,,,,
3880d37b-1e71-490f-873d-bf5833afe0b0,1a8ad4f6-3920-4dca-be77-2d2e60b532c5,,a7ad409e-1c12-4f98-9f1a-fc8391e94618,,,,666ffe3a-a778-458f-8293-197bed3e3d7b
c8a5f8ad-23ce-43cd-b1a8-ed0a70d858fd,,,ecd5d075-a675-4ddc-83e4-be03886a5e4c,79a44dd5-f85d-490e-a87a-c62c25660202,2870b82a-9d03-4b20-9c86-ed20da1cf778,b6c3995e-29a3-4db5-8679-1191389a83b7,
8dfc6e35-72e1-4c2d-aaaf-66b3eabc50d4,27cda52f-1a92-47d9-9909-96fbc58ccda5,15d5cbaf-0a88-4aef-bb35-8e39a7e451ba,bf304e40-7d10-4fe8-8316-52b0797b343a,54e58257-2ab9-4046-b41a-48823a37e55d,e97d7219-de93-4532-a6cf-34b91f745533,ccf2ffe3-f666-4021-bdf3-9a9f295256a2,fb177689-3923-4db7-a8fb-ca9422d7031a
ef742613-d249-4e01-ab42-b7af40eaedb9,d678abae-76b7-476f-a860-42c207de47ce,9c19b86d-2067-4b3e-b58a-bd018458ee1e,513fabd7-52e8-4606-b51d-093530c5541b,21275587-618b-4e82-9c59-572b4068b794,5db94c8c-4b0d-4611-861e-68cea45c2e5e,e5a6ea04-139e-4f54-b942-9ba722a8cbe2,8b4fab90-4c01-4ffc-a085-6191d228091f
f5c47af7-d8a6-441d-b8b2-e8fc12e556ef,,,,,,,
5c623116-ab9e-4c38-80e3-7dc0ecc7913f,,,,,,,
53ec41ee-87e8-4cf0-a168-d419b1fbdfe9,,,,,,,
20a49b52-b5b6-48ca-8ff2-be44ea6be64c,763c1dff-57b5-41c7-9b9b-f6a065193ffe,bfb13846-6449-4708-a371-d6bbb4245451,1a3df2c4-7a0b-4193-b852-a0c94144a105,e9b2c7e8-39af-49c6-8734-fdad8bd95a65,7cf1cdf0-8db6-422f-9c79-53664a323061,9a34b8c6-5ec1-43c0-a181-1243c8db796e,edfbf23c-65ce-4e00-b518-8fdf40fd9738
1f552b24-e2f9-4293-9c2b-5ee7d440bd42,,,,,,,
01c9ea08-538a-4ac9-9a5b-ab2aeabef3af,,,,,,,
46b5028a-eaee-4745-85ca-7a35e321cdd1,,,,,,,
d630908a-0f94-4367-b7fb-1f8ef81525cb,,b00362c8-499b-470d-8984-cf8ad2677819,fb6cc39b-7ee1-4fb9-b590-e05cb702d8d3,b5bb3ab2-8e15-474e-bd76-fcb57bc34819,,07ba8b9c-6053-4edb-a6fe-60cb93232c01,97d7a85d-8cbd-4ce7-8483-6e06814445eb
bed093a8-e23d-4839-8b2f-56a019fdbf5d,,,,,,,3b05d656-fae3-4303-8527-b3068b197f57
039eaa32-d3c6-4a60-b359-aa3dc9ef1cea,,,,,,,
2bfa0639-9e27-4014-9f23-eaafc2ba7588,,,,,,,
c8edfe6a-386d-4074-a381-3fcbadf9377a,,45254c42-9cf0-4e5c-8896-32dd29b5744e,,,,,
39f4ce60-44f0-415d-b806-8b766a117136,,,,,,,
6c0893d7-9af7-46f8-8158-a18d678f4d20,,,,,,,
85a4348f-fe66-4e94-a342-963f1ee8141d,7e5dd521-f4ea-40c7-9658-adf3515be463,e4c18b8e-0635-4d27-9e82-57cb1078b41c,2ffea52f-308d-40c5-885c-ae7e6cc55495,fe1f9afe-73b5-4f1f-bba7-dfbd7a34710a,991ecb63-4af3-4672-aefd-065b4f0039b5,76db91d2-cc9a-44d0-b6dd-bd52951618d5,5316fa75-60c9-4eac-998b-cfccf3838e6f
ed4afc88-efcf-4af1-8537-9748f525f3bc,,,,,,,
a2c42373-ed16-430d-a5c4-3893fac47f42,,,,,,,
0a4b55b7-bfc7-47be-9fd0-926f5c30d986,,,,,,,
3f13a69d-2ebf-4571-91e7-3c6697acf645,,,,,,,
4e9ca3e2-09e3-4284-8bf8-db71b3bb3da0,bf2a5d83-b0e3-49de-8a72-f62700422c6a,,,,,0d1d45f4-fd49-4e79-a5e5-111e47a412c2,5dc455a9-e731-44a3-b817-dd49be847f81
97c0e3d1-bdd7-4d0f-9f99-716a7e6302e1,,,,,,,
05497e92-76c3-4076-bc71-795e7f3dd84f,,,,,,,
6f3cb94f-43fb-4e18-8c3c-b9e5137057e3,,,,,,22c9b7d3-6466-44c0-bfa3-0b0549a5cfd3,
97e8d07b-3b68-4ffc-a2a2-6342d316341b,70ceebae-4876-4a01-ae4b-6a279e75bcf2,3274bae0-5b81-4a51-9b7d-fbea3c98f6dc,aefafac7-737d-4778-899e-b1a6e9b93727,bce45937-fae6-4537-912b-6ead00a3000d,25e7d404-bd34-4c62-8515-278439c36f23,c11c0c16-75ec-45b0-a0f2-46065f963039,ac4cdc10-81a0-42ed-9863-67d7611406af
16fa1ee3-3a28-4089-9866-030a4bcf87f1,f56da963-845f-4f20-a1b0-40349613e3e4,22f0e1a1-d124-482f-bec8-e982272ab8e9,db6a88e7-5185-418f-87c4-51a7dcaa9d33,b4ef78c0-5b73-4f18-9deb-b6cc0ec9898e,623aadcc-8a37-428f-b80b-f7b073826f86,e21b3b09-3024-41f0-90b0-d127aa4ad71d,
b4ebb610-c3dd-49a4-bc22-9da8da88991f,41a0bea2-5920-48a7-912d-4a36d466aec3,d7dab51a-2bdb-46c3-b7c4-69bd66a5166d,4ea0107c-d733-4602-b056-164eac91882f,,,,
feed57a8-f81a-4489-b3db-014ba2652642,e04245b9-381a-41f2-89c1-d6747bfa9095,,,,,e76741e5-1ce9-4729-a45e-7d4cfc3d0686,b8b8767f-ce9f-4ba3-be64-bee94d000153
4a3f0151-f7b6-443e-9c0b-b5d79ac80ce4,,,,,,,
1c36e680-5c0b-409d-8fc3-a2a125698b12,bccecfb5-041b-4163-b91f-ea338956d044,,,,,aae846bb-4f6f-482f-b5a9-1ab6b0d99abc,35b8f591-3a6d-45bf-a37d-270bb2dac4a1
84ed35c7-864b-4898-807b-b3be559e0b09,,,,,ddee05b7-f25c-4a3f-9f8e-1dc1a4231778,5b757423-6dde-4cb8-b13d-273d14340b94,
2f04ac29-be2c-415f-9569-9e8e91abff4e,,,,,,,
e47786b2-86c3-45dd-b95c-4276c11dd6b1,,,,,,,
21bbc911-5d8f-424b-8d5d-4f6ec1d10864,fa6d75c7-7989-4a54-a83d-e82323cf0d4f,0169d6e4-b18e-4674-bf95-8730f4872b34,eeca6e26-1b3d-4c07-be25-238d1f418834,93fa172b-e555-4098-b6fe-8657bcaa471c,c090133b-c47a-4a90-89a5-c891b549775c,f2e9aea0-9539-4af1-9510-5d20e2d27b0a,e90e691a-9f4e-4cb2-8fe7-5fa54cd6e9f9
82ff609c-ae79-437f-8571-d6b7df29133f,e46607d8-f8ed-433e-b4e0-630fe4720542,350783cc-3e33-44f3-9758-e92bc1e042d8,3f6152e1-95a9-4c45-ace4-72f4b13f1ae0,ae706128-c6ab-42cb-980c-d34a3b355ff7,128df7bb-9034-4def-819f-5e3b793fdb30,c6ab8b70-45b1-4924-a092-6be8faac5717,e06ecef6-715a-4302-858e-cba0307faf4d
3342ee22-00ae-43a2-b23b-56b699dc7beb,,,,,,,
06a61a18-3610-446a-903e-7b551fa83eda,,,,,,,
9e8d9698-1f02-4bb3-8915-17b5a1c314a3,,,2188e304-2763-44c0-bee4-6cddcc69a1ad,,,,
3ded5643-9ab3-48e4-852a-1acb3dce13e6,,,,,,,
70c30166-bbff-4a75-b2a0-f662239ff73b,,,,,,,
d40a0317-6def-4f7c-881b-9e74af53ae06,01a15117-a3ef-444f-ab9b-4b002bf72f92,8f76059b-1a55-4f27-a997-82cfc30b6f79,5f3a0b91-6c0c-4512-995c-6606f7a08e21,2f65f185-c8bc-4f3d-9036-661393340c29,eaa8a972-0734-4549-aed7-461e979ed18d,216923eb-0f62-46fc-89f2-c63a2a5d1015,fce727d4-7e62-48c2-8851-d3b1448be4ce
70e50dfc-5b08-4461-bc21-e83b5e463c08,,,,,,,
9a3997f4-3c75-4503-a9ba-c297142aff0f,,,,,,,
3eaee4db-c911-4541-a578-fa23b2edc86d,a40fa0cf-b481-4c53-ac36-9a398e772592,8d3417e8-11b5-4601-b590-b3312cdd00dc,b8d6fe11-4948-4e93-a1c0-99b0f74c4368,059b9647-3467-4d9d-b61f-91510b908cbf,7e9b49e8-80cf-4abd-a082-51c39b20a9b7,b180b3d8-50ba-44a9-a23b-4ef7d4f344f7,9ef4b82f-2644-46ce-8d55-c585b0b563e7
01080028-12e5-4caf-90f0-63f5185e00e8,,0fc82145-9f67-450c-acd6-7197c58de009,,b1eabc80-0a3c-4726-90f7-1e269443c9f2,,7ff70862-fa50-4fe6-9c7b-a6aa1d50a0e0,
aebfc355-190b-4f1f-abb7-273430426371,,,,,,,
53ab8b4f-3cc0-4943-8b60-33c68923c048,,,,,,,
58933464-241d-42d7-bda2-4b19e41444d5,,,,,,,
c418155f-a4e1-48f1-a499-4e145ffee50e,,,,,,,
8afe56b8-2a84-43e3-80c8-d20cef63751f,,,,,,,
039c8d15-0aeb-458d-83e1-d6028481601a,,,,,,7d44f9ba-4135-4499-a039-d67b0fa2f699,
d6ce1ee6-d24b-4ea8-b69b-cc1cbbb3512a,,,,,,,
96dc2a18-a206-4a0b-9a94-546b794d87bc,,,,,,,
863c61d5-cb99-436b-a160-993a67f1a5f5,,,,,,,
ebff4fd9-8699-4c3e-8d72-9e67aa1a8c4a,,,,,,,
53d8ab15-55bc-4964-b623-1f84da5f69a9,,,,,,,
585614f5-abba-4d49-896a-5b63a4646abe,,,,,,,
03c412de-a16c-4e48-a0d8-def679bccc21,,,,,,,
11ba097c-4c04-4375-864f-ed8ca58062aa,,,,,,,23000082-c206-494c-80af-29fb919e753a
a0ece877-9395-4748-a17f-02bded47e849,,,,,,,
1e9cf729-2d87-4225-b11e-d8f0d3daa626,,,,,,,
3b5b0e52-ca8d-453e-adfb-130245162384,,,,,,,
79b18c98-b48f-421e-adb7-6adcb52a03a7,,,,,,,12649388-cf7f-4040-a000-5ffbced1cdbc
1b258b22-a853-4d64-947e-5ef4ade978be,,,,Quiz 6.30pm,,,
64a3a706-c4b2-4a1c-81fe-278ddc1fb014,,,,,,,
4bf9ad14-5134-46a5-929e-c2f2a87e9a99,,,,,,,
ecc7247f-37de-4fc5-8a59-cef25084d542,,,,,,,
313ea37a-0aa9-44a3-87b3-d3adbd02ee51,,,,,,,
7d635efe-e641-41f2-b2f8-956e30ce8bbd,,,,,,,
1e9bfe3c-2019-4a87-8d73-8f9c7a9fd377,,,,,,,
b8bb5b7e-b6e1-4ca7-9006-424d390c55d5,,,,,,,
7e3d70b2-0ee5-4edc-826c-e938ba97f132,,,,,,,
912dde76-5fc7-40ad-acd9-f2fb60387df0,,,,,,,
f8816959-47cc-4ec8-aac6-b1c8ecb68e3c,,,,,,,
0c1bef28-f167-4fe0-a1d7-15b00cdee5ff,,,,,,,
2fcb16c5-f3bc-43b6-98ac-55249a783738,,,,,,,
f8c3700f-1790-4f00-b813-9d744c1ecf4c,,,,,,,
36bdc2a1-c3fb-4c26-a5e8-c180ae676fa6,,,,,,,
b6522c7f-4f5c-4cfc-96e0-30a47fd15619,,,,,,,
4ed8c10e-3667-487b-825a-c6e15de432ec,7.30pm comedy,7pm first of the month,,8pm comedy,,,7pm Open mic
4238d3c1-839c-43bb-bbaa-8b592f6ccbeb,,,,,,,
e8387257-4edb-4cfe-b436-7c4e8b0d943e,,8pm Quiz Night,,,,,
514770d7-79b8-43d1-a186-1a835f7de3f6,,,,,,,
2961456c-0454-4a85-b613-d6c0700420dc,,,7.30pm Quiz,,,Live music,
0af16bd1-8915-44cd-bf76-4dea000d478f,,,,,Live music,Live music,
fc34c998-9292-49c3-a8e4-0e791d22a71d,,,,,,,
937c5b25-f9ef-408d-b338-904ce9f2716e,,,,,,,
f8e220c1-d925-4211-a599-bb717d2880f4,,,,,,,
4c7c8500-e3b4-4a24-bfbd-c51292be997a,,,,,,,
a3c8d950-8999-418c-a713-cdd04c02a396,,,,,,,
3f7b3ce2-c59b-49f2-a239-9b16f14e8473,,,,,,,
fd5eee49-bced-405d-aeb7-0abb4c1bb28b,,,,,,,
5d904f45-8c7a-49f7-9b96-1ca36b52d6e8,,,,,,,
b478ce83-e04e-47e7-ba90-56345da9f3ea,,,,7pm EAA Run Club,,,
18aa9e68-04ef-4ccc-8ed3-1c3c7b6bf392,,,,,,,
36de8c15-6886-497a-9b9d-b2a2bc00c896,,,,,,,
