pub_identity,timestamp
5a5374a7-d466-45ef-86bc-efe0458af6ea,2023-12-26
d447c775-f09e-4df2-acb5-bfbe06f51f19,2023-12-27
2feac08a-c2fd-44a2-a9bb-51e86a61a458,2023-12-28
d1cab6b6-3c33-4e23-a363-3e0a496ae2cf,2024-01-02
3994296a-ca1a-4a2d-863b-7e84f25b11eb,2024-01-03
9f2df78c-a1c4-4070-88da-8ba2d8bbe87d,2024-01-04
1cd0e488-6da9-4d70-82b2-8078b23d674b,2024-01-05
d5518e94-d024-4dec-a5ae-7ce30ef25743,2024-01-06
d015539a-55fe-480f-b96d-156382cf87b5,2024-01-07
3f6bf04b-f937-4506-95f6-85d35ea6d738,2024-01-08
94583282-54a2-4393-b3ff-48e3f5fed344,2024-01-09
652b3c13-4f62-401e-9d55-d6cf42a92506,2024-01-10
132ae07c-5a77-4646-b439-efb23e4ae3cf,2024-01-11
86de190a-4e39-4e2c-add6-2ffa05d0f991,2024-01-12
ad01716e-2623-4e4b-bcfe-ff91b14b2927,2024-01-13
22646d9c-ddb7-4170-86d6-d54993e70a20,2024-01-14
31661734-bb83-4bf4-8c68-0b7afd4f8d48,2024-01-15
bc32e738-6d62-4be7-bf42-a447723bf076,2024-01-16
db50bd50-bed4-4a7f-914c-c5934baf4a5c,2024-01-17
c8c7b956-f2fb-4242-9f24-dbd0e7529a82,2024-01-18
f5353395-604b-43ac-8353-06b0f7693bfa,2024-01-19
